"id";"bezirk";"name";"strasse";"plz_ort";"veranstalter";"von";"bis";"oeffnungszeiten";"email";"w3";"bemerkungen";"lat";"lng"
"2";"Charlottenburg-Wilmersdorf";"Weihnachtsmarkt vor dem Schloss Charlottenburg";"Spandauer Damm zwischen Luisenplatz und Klausenerplatz";"14059 Berlin";"werbeteam berlin/Tommy Erbe
Tel.: 261 20 12, Fax: 261 20 22";"2015-11-23";"2015-12-26";"Mo-Do 14:00-22:00
Fr-So 12:00-22:00
25./26.12. 12:00-20:00";"mailto:info@werbeteam-berlin.de";"www.werbeteam-berlin.de";"24.12. geschlossen, ";"52,519951";"13,295946"
"4";"Charlottenburg-Wilmersdorf";"32. Weihnachtsmarkt an der Gedächtniskirche";"Breitscheidplatz ";"10789 Berlin";"Arbeitsgemeinschaft City e.V.
Budapester Str. 41
Tel.: 262 95 92, Fax: 262 95 93
Schaustellerverband Berlin e.V.
www.schaustellerverband-berlin.de";"2015-11-23";"2016-01-03";"So-Do 11:00-21:00
Fr-Sa 11:00-22:00
24.12. 11:00-14:00
25./26.12. 13:00-21:00
31.12. 11:00-02:00
01.01. 13:00-21:00";"mailto:info@svbev.de";"www.agcity.de";"Eintritt frei,
31.12. 10:00 Gottesdienst,
31.12. 18:00, 20:00, 22:00, 24:00 Silvesterfeuerwerke";"52,504886";"13,335511"
"6";"Charlottenburg-Wilmersdorf";"Weihnachtsmarkt in der Fußgängerzone Wilmersdorfer Straße";"Wilmersdorfer Straße";"10627 Berlin";"Lauenburger, A., Tel.: 0163/495 77 62";"2015-11-26";"2015-12-28";"Mo-Fr 11:00-21:00
Sa 10:00-21:00
So 12:00-19:00
24.12. 10:00-14:00
25./26.12. geschlossen";"mailto:lauenburger-pony@gmx.de";"www.wilmersdorfer-arcaden.de";"  ";"52,509313";"13,305994"
"8";"Charlottenburg-Wilmersdorf";"Weihnachten in Westend";"Preußenallee";"14052 Berlin";"Family & Friends e. V.
Tel. und Fax: 305 55 21";"2015-12-19";"2015-12-20";"11:00-20:00";"mailto:kontakt@family-and-friends-eV.de";"www.family-and-friends-eV.de";"Eintritt frei, das Rüsseltier ist an beiden Tagen unterwegs, Greifvogelschau und Weihnachtskrippe, Kunsthandwerk";"52,512538";"13,259213"
"10";"Charlottenburg-Wilmersdorf";"Weihnachtsmarkt Berlin-Grunewald des Johannischen Sozialwerks e. V.";"St.-Michaels-Heim
 Bismarckallee 23";"14193 Berlin";"Johannisches Sozialwerk e.V.
Tel.: 89 68 80, Fax: 89 68 81 85";"2015-11-27";"2015-11-29";"Fr 16:00-20:00
Sa 14:00-20:00
So 12:00-18:00";"";"www.johannisches-sozialwerk.de";"";"52,48835";"13,27725"
"12";"Charlottenburg-Wilmersdorf";"Schwedischer Weihnachtsbasar";"Landhausstr. 26";"10717 Berlin";"Schwedische Victoriagemeinde
Tel.: 864 95 90, Fax: 86 49 59 99";"2015-11-28";"2015-11-29";"Sa 10:00-19:00
So 12:00-18:00";"mailto:berlin@svenskakyrkan.se";"www.svenskakyrkan.se";"Die Lichterkönigin Lucia kommt an beiden Tagen um 16:00 Uh";"52,4874";"13,3287"
"14";"Charlottenburg-Wilmersdorf";"Dänischer Weihnachtsmarkt";"Brienner Str. 12";"10713 Berlin";"Dänische Gemeinde Berlin
Tel. und Fax: 873 44 30";"2015-11-28";"2015-11-29";"Sa 12:00-18:00
So 12:00-17:00";"";"www.christianskirken.de";"";"52,48809";"13,31249"
"16";"Charlottenburg-Wilmersdorf";"Weihnachtsmarkt rund um die Grunewaldkirche";"Bismarckallee 28 B";"14193 Berlin";"Evangelische Kirchengemeinde Grunewald, Kontakt: Petra Krüger, Claudia Noll
, AB/Fax: 23 25 83 02";"2015-11-29";"2015-11-29";"11:00-19:00";"mailto:weihnachtsmarkt@grunewaldgemeinde.de";"www.grunewaldgemeinde.de";"";"52,48543";"13,27483"
"18";"Charlottenburg-Wilmersdorf";"Nikolausmarkt der Beschäftigungs- und Bildungsträger";"im Rathaus Charlottenburg, Otto-Suhr-Allee 100";"10585 Berlin";"BA Charlottenburg-Wilmersdorf von Berlin
Abt. Soziales + Gesundheit
Tel.: 902 91 43 04";"2015-11-26";"2015-11-26";"11:00-14:30";"mailto:cw801003@charlottenburg-wilmersdorf.de";"";"";"52,517122";"13,30807"
"20";"Charlottenburg-Wilmersdorf";"33. Weihnachtsmarkt in der Lindenkirche";"Homburger Str. 48";"14197 Berlin";"Evangelische Lindenkirchengemeinde
Tel.: 827 92 20, Fax: 82 79 22 41";"2015-12-05";"2015-12-05";"12:00-18:00";"mailto:buero@lindenkirche.de";"www.lindenkirche.de";"";"52,474501";"13,309133"
"22";"Charlottenburg-Wilmersdorf";"Christmas Fair / A very British Christmas";"Preußenallee 17-19";"14052 Berlin";"St George's Church, Preußenallee 17-19, 14052 Berlin, Tel. und Fax: 304 12 80";"2015-12-05";"2015-12-05";"14:30-18:00";"mailto:office@stgeorges.de";"www.stgeorges.de";"";"52,51243";"13,25837"
"24";"Charlottenburg-Wilmersdorf";"Kunsthandwerklicher Weihnachtsmarkt vor dem Bröhanmuseum";"Schloßstr. 1/1 A";"14059 Berlin";"Kiezbündnis Klausenerplatz e.V.
Tel.: 30 82 44 95, Fax: 30 82 44 98";"2015-12-13";"2015-12-13";"12:00-18:00";"mailto:info@klausenerplatz.de";"www.klausenerplatz.de";"";"52,518946";"13,295796"
"26";"Friedrichshain-Kreuzberg";"Traditioneller Weihnachtsbasar im Finnland-Zentrum";"Schleiermacherstr. 24a";"10961 Berlin";"Suomi Keskus - Finnlandzentrum e. V., Schleiermacherstr. 24a, 10961 Berlin, Tel.: 781 81 89";"2015-11-21";"2015-11-22";"12:00-18:00";"mailto:info@finnlandzentrum.de";"www.finnlandzentrum.de";"";"52,48965";"13,39731"
"28";"Friedrichshain-Kreuzberg";"Adventsbasar Heilig-Kreuz-Kirche";"Zossener Str. 65";"10961 Berlin";"Evangelische Kirchengemeinde Heilig Kreuz - Passion, Zossener Str. 65, 10961 Berlin, Tel.: 81 49 25 82 od. 691 20 07";"2015-11-28";"2015-11-28";"14:00-18:00";"mailto:m.schmieder@heiligkreuzpassion.de";"www.heiligkreuzpassion.de";"kuesterei@heiligkreuzpassion.de";"52,49652";"13,39575"
"30";"Friedrichshain-Kreuzberg";"10. KiezWeihnacht an der Samariterkirche";"Samariterplatz/Samariterstr. 14";"10247 Berlin";"Samariter-Galiläa-Gemeinde und Die Friedrichshainer 
Kontakt: Steffen Belz, Kinzigstr. 35,    
Tel.: 74 77 26 01";"2015-12-05";"2015-12-13";"13:00-20:00";"";"www.kiezweihnacht.de";"NUR an den Wochenenden";"52,51766";"13,46609"
"32";"Lichtenberg";"22. Lichtenberger Lichtermarkt rund ums Rathaus Lichtenberg";"Möllendorffstr. 6";"10367 Berlin";"BA Lichtenberg
Frau Räpricht
Tel.: 902 96 82 05";"2015-11-29";"2015-11-29";"13:00-19:00";"mailto:jacqueline.raepricht@lichtenberg.berlin.de";"";"";"52,515918";"13,479572"
"34";"Lichtenberg";"Mittelalterlicher Weihnachtsmarkt Karlshorst";"Auf dem Johannes-Fest-Platz Karlshorst";"10318 Berlin";"iKARUS stadtteilzentrum
Tel.: 89 62 25 52, Fax: 89 62 35 47";"2015-12-05";"2015-12-06";"Sa 13:00-22:00
So 13:00-18:00";"mailto:ikarus@sozdia.de";"www.ikarus-firmaris.de";"";"52,48207";"13,52594"
"36";"Marzahn-Hellersdorf";"Weihnachtsmarkt im Marktplatz Center Hellersdorf";"Stendaler Str. 24";"12627 Berlin";"MEC METRO-ECE Centermanagement GmbH & Co. KG
Tel.: 99 28 84 - 0, 
Fax: 992 88 42 50";"2015-11-23";"2015-12-24";"Mo-Sa 10:00-20:00
06.12./20.12. 13:00-18:00
24.12. 09:00-14:00";"";"";"";"52,53749";"13,60488"
"38";"Marzahn-Hellersdorf";"Weihnachtliche Aktionen im EASTGATE Berlin";"Marzahner Promenade 1 A";"12679 Berlin";"ECE Projektmanagement GmbH & Co. KG
Tel.: 911 45 90, Fax: 911 45 91 11";"2015-11-23";"2015-12-24";"Mo-Sa 10:00-20:00
06.12./20.12. 13:00-18:00
24.12. 10:00-14:00";"mailto:info@eastgate-berlin.de";"www.eastgate-berlin.de";"";"52,54282";"13,54264"
"40";"Marzahn-Hellersdorf";"Weihnachtsmarkt im Spree Center Berlin-Hellersdorf";"Hellersdorfer Str. 77-83";"12619 Berlin";"Spree Center Berlin-Hellersdorf
1.-3. Tranche GbR
Wolfgang Kohlberg, Centermanager
Tel.: 56 88 08 - 0, Fax: 56 88 08 88";"2015-11-23";"2015-12-24";"Mo-Fr 09:00-19:30
Sa 09:00-18:00
06.12./20.12. 13:00-18:00
24.12. 09:00-14:00";"mailto:post@spree-center.de";"www.spree-center.de";"";"52,52091";"13,58713"
"42";"Marzahn-Hellersdorf";"2. Familien-Weihnachtsmarkt";"Alice-Salomon-Platz";"12627 Berlin";"Wollenschlaeger, Thilo-Harry
Tel.: 0163/400 05 00 und 03322/428 82 45
Fax: 03322/423 41 39";"2015-11-27";"2015-12-23";"täglich 11:00-21:00";"mailto:info@wollenschlaeger-berlin.de";"www.wollenschlaeger-berlin.de";"";"52,537131";"13,604357"
"44";"Marzahn-Hellersdorf";"Adventsmarkt im Dorf Marzahn";"Alt-Marzahn, Dorfanger, zwischen Kirche und Bezirksmuseum";"12685 Berlin";"Evangelischer Dorfkindergarten, Hinter der Mühle 5, 12685 Berlin, Leiterin: Frau Vogel, Tel.: 85 74 86 64 - 21 (Gemeindebüro), - 31 (Kindergarten)
Herr Pfarrer Ingolf Göbel
Tel.: 85 74 86 64 - 0, Fax: 85 74 86 64 28";"2015-11-29";"2015-11-29";"13:00-18:00";"";"";"";"52,5434";"13,56056"
"46";"Marzahn-Hellersdorf";"19. Kaulsdorfer Weihnachtsmarkt";"Dorfstraße, Kirchengelände und Gelände der Firma Schilkin GmbH";"12621 Berlin";"BA Marzahn-Hellersdorf und ansässige Kirchen, 
Interessengemeinschaft Kaulsdorf,
Kontakt: Gabriele Kokel, Tel.: 0177/326 32 65 und Gabriele Maria Donka (IG Kaulsdorf), 
Tel.: 85 71 83 15                     ";"2015-12-05";"2015-12-05";"13:00-19:00";"mailto:kontakt@vitabelle-fitness.de";"www.heimatverein-marzahn.de";"";"52,507946";"13,581117"
"48";"Marzahn-Hellersdorf";"Interkultureller Weihnachtsmarkt";"Einkaufscenter ""Zu den Eichen"", Wittenberger Str. 80";"12689 Berlin";"Vision e. V., Alexander Reiser, Wittenberger Str. 67, 12689 Berlin, Tel.: 43 20 88 72 oder 60 92 38 05, Fax: 43 20 88 74";"2015-12-11";"2015-12-11";"14:00-18:00";"mailto:vision-ev@gmx.de";"";"";"52,565308";"13,570496"
"50";"Marzahn-Hellersdorf";"Feuriger Advent";"Freizeitforum Marzahn, Marzahner Promenade 55";"12679 Berlin";"Promenaden Management Marzahner Promenade (L.I.S.T. GmbH / conceptfabrik) in Zusammenarbeit mit dem Freizeitforum Marzahn, der Hauptbibliothek ""Mark Twain"" u. a.";"2015-12-11";"2015-12-11";"15:00-19:00";"mailto:m-promenade@list-gmbh.de";"www.marzahnerpromenade.de";"";"52,54702";"13,554055"
"52";"Mitte";"Weihnachtsmarkt u. Winterwelt am Potsdamer Platz";"Potsdamer Platz, Marlene-Dietrich-Platz";"10785 Berlin";"Bergmann Eventgastronomie, Arnold Bergmann,
Tel.: 033439/656 43
Reservierung: 0177/828 53 87, Fax: 25 93 91 93
reservierung@bergmannevent.de, www.bergmann-entertainment.de
www.winterwelt-berlin.de";"2015-11-23";"2015-12-27";"Mo-So 10:00-22:00
Schmankerl-Hütte 10:00-03:00
Winterwelt: 31.10.-03.01.2016,
am 15.11. und 22.11. geschlossen";"mailto:info@bergmannevent.de";"www.bergmannevent.de";"mit Rodelbahn, Eisstockbahn, Eisbahn, Schmankerl-Hütte, Stiegl Alm";"52,509008";"13,376262"
"54";"Mitte";"Weihnachtsmarkt Alex";"mit Eisbahn, Eisstockbahn, Partyhaus vom Nikolaus, Wichtelhaus vor der Galeria Kaufhof";"10178 Berlin";"Bergmann Eventgastronomie, Arnold Bergmann,
Tel.: 033439/656 43
Reservierung: 0177/828 53 87, Fax: 25 93 91 93
reservierung@bergmannevent.de
www.bergmann-entertainment.de";"2015-11-23";"2015-12-27";"Mo-So 10:00-22:00
24.12. 10:00-14:00";"mailto:info@bergmannevent.de";"www.bergmannevent.de";"Eisbahn und Partyhaus: 23.11.2015 - 03.01.2016,
";"52,521918";"13,413215"
"56";"Mitte";"8. Berliner Weihnachtszeit vor dem Roten Rathaus mit der Eiswelt am Neptunbrunnen";"Rathausstr. 15";"10178 Berlin";"Laubinger Veranstaltungsagentur
Tel.: 0163/481 48 40
www.laubinger.de";"2015-11-23";"2015-11-29";"Mo-Fr 12:00-22:00
Sa-So 11:00-22:00
25./26.12. 11:00-21:00";"mailto:info@laubinger.de";"www.berlinerweihnachtszeit.de";" geschlossen am 24.12., 
www.laubinger.de";"52,519494";"13,407032"
"58";"Mitte";"Wintertraum am ALEXA";"Dircksenstraße zwischen Voltairestraße und Schicklerstraße";"10179 Berlin";"Charles Blume Vergnügungsbetriebe GmbH, 27798 Hude
Tel.: 04408/80 63 73,
Fax: 04408/80 63 74";"2015-11-23";"2015-12-23";"Mo-Fr 14:00-22:00
Sa-So 12:00-22:00";"mailto:blume-service@t-online.de";"www.blume-service.de";"";"52,517248";"13,417182"
"60";"Mitte";"WeihnachtsZauber Gendarmenmarkt";"Gendarmenmarkt";"10117 Berlin";"WeihnachtsZauber Gendarmenmarkt GmbH Helmut Russ und Gunda Kniep
Tel.: 20 91 26 32, 0172/456 22 55, 
Fax: 20 91 26 33";"2015-11-23";"2015-12-31";"täglich 11:00-22:00
Fr, Sa 11:00-23:00
24.12. 11:00-18:00
25./26.12. 11:00-22:00
31.12. 11:00-01:00";"mailto:office@weihnachtsmarkt-berlin.de";"www.weihnachtsmarkt-berlin.de";"Eintritt 1 €,  Mo-Fr  11:00-14:00 Eintritt frei
(außer am 24.12., 25.12., 26.12., 31.12.),
Silvesterfeier 19:00-01:00
Eintritt 12 €
";"52,513828";"13,39235"
"62";"Mitte";"Fabelhafte Weihnachten im Sony Center am Potsdamer Platz";"Bellevuestr. 5";"10785 Berlin";"Forum Event Management GmbH
Tel.: 25 75 16 01, Fax: 25 75 16 40";"2015-11-28";"2016-01-03";"
Do, Fr, Sa 14:00-22:00, 24.12. geschlossen";"mailto:event.berlin@forum-event.de";"www.sonycenter.de";"
Wunderschöne Lichtkunst, fabelhafte Wesen und tägliche Live-Shows mit einer zauberhaften Fee verwandeln das Sony Center in einen magischen Ort";"52,51039";"13,37365"
"64";"Mitte";"Adventsbasar";"vor und in der Heilandskirche Moabit, Thusnelda-Allee 1";"10555 Berlin";"Evangelische Kirchengemeinde Moabit West, Thusnelda-Allee 1, 10555 Berlin-Moabit, Tel.: 30 30 69 88 - 0, Fax: 30 30 69 88 - 2";"2015-11-28";"2015-11-28";"10:00-15:00";"mailto:thusnelda1@kgmoabit-west.de";"www.kgmoabit-west.de";"
Eintritt frei";"52,525892";"13,339548"
"66";"Mitte";"20. Berliner Umwelt- und Weihnachtsmarkt 2015";"Sophienstraße in Mitte";"10178 Berlin";"EVENTS - Ralf Bielefeldt, Zehdenicker Str. 14, 10119 Berlin,
Tel.: 48 49 62 27 und 0177/688 22 45,
Fax: 32 51 98 53";"2015-11-28";"2015-12-20";"Sa 12:00-20:00
So 11:00-19:00";"mailto:post@weihnachtsmarkt-sophienstrasse.de";"www.weihnachtsmarkt-sophienstrasse.de";"jeweils an den Adventswochenenden";"52,525647";"13,400861"
"68";"Mitte";"Nostalgischer Weihnachtsmarkt Opernpalais Berlin auf dem Schloßplatz";"Schloßplatz";"10178 Berlin";"Nostalgischer Weihnachtsmarkt Joseph Nieke, Tel.: 20 25 35 80 und 0151/15 10 92 20";"2015-11-25";"2015-12-27";"Mo-Do 12:00-21:30
Fr 12:00-22:00
Sa 11:00-22:00
So 11:00-21.30
25.12./26.12.: 11:30-21:00";"mailto:info@berliner-weihnacht.de";"www.berliner-weihnacht.de";"24.12. geschlossen
www.joseph-nieke.de";"52,516144";"13,401391"
"156";"Mitte";"Feuriger Winterzauber";"Nikolaiviertel";"10178 Berlin";"Nikolaiviertel e. V. in Kooperation mit Zander & Partner Event-Marketing GmbH, Tel.: 31 86 01 13/4/5, Fax: 31 50 97 48";"2015-11-14";"2016-01-04";"Mo-Do 12:00-21:00
Fr 12:00-22:30
Sa. 11:00-22:30
So 11:00-21:00";"info@zander-partner.de";"www.blog.zander-partner.de";"";"52,516975";"13,408712"
"70";"Neukölln";"Nordische Märchenweihnacht - Weihnachtsmarkt auf dem Gutshof des Schlosses Britz";"Alt-Britz 73";"12359 Berlin";"Kulturstiftung Schloss Britz
Tel.: 60 97 92 30, Fax: 609 79 23 39";"2015-12-11";"2015-12-20";"Fr 14:00-21:00
Sa 11:00-21:00
So 11:00-21:00";"mailto:info@schlossbritz.de";"www.schlossbritz.de";"jeweils Freitag bis Sonntag";"52,44696";"13,43781"
"72";"Neukölln";"28. Alt-Buckower Adventsmarkt";"Nebenstraße Alt-Buckow 2-38";"12349 Berlin";"AG ""Das Sympathische Buckow e. V."" und die
Evangelische Kirchengemeinde Alt-Buckow,
Ansprechpartner für die Organisation: Christian Rieth
Tel.: 0179/394 55 14, Fax: 34 35 98 73";"2015-11-28";"2015-11-29";"Sa 13:00-20:00
So 11:00-19:00";"mailto:post@advents-markt.de";"www.advents-markt.de";"Eintritt frei";"52,422879";"13,433156"
"74";"Neukölln";"Adventsmarkt der Evangelischen Kirchengemeinde Alt-Buckow";"an der Dorfkirche Alt-Buckow";"12349 Berlin";"Evangelische Kirchengemeinde Alt-Buckow, Tel.: 604 10 10, Fax: 605 19 06";"2015-11-28";"2015-11-29";"Sa 14:00-20:00
So 13:00-19:00";"mailto:buero@dorfkirche.de";"www.dorfkirche.de";"";"52,421877";"13,430844"
"76";"Neukölln";"Adventsmarkt an der Britzer Dorfkirche ";"Backbergstr. 38 ";"12359 Berlin";"Evangelische Dorfkirchengemeinde Berlin-Britz 
Tel.: 606 29 12, Fax: 63 41 39 00";"2015-11-29";"2015-11-29";"12:30-18:00";"mailto:dorfkirchebritz@t-online.de";"www.dorfkirchebritz.de";"11:00 Festlicher Gottesdienst zum 1. Advent
18:00 Abschluss-Andacht";"52,44827";"13,43695"
"78";"Neukölln";"43. Alt-Rixdorfer Weihnachtsmarkt";"Richardplatz";"12055 Berlin";"BA Neukölln
Christian Bärmann
Tel.: 902 39 25 53,
Fax.: 902 39 34 70";"2015-12-04";"2015-12-06";"Fr 17:00-21:00
Sa 14:00-21:00
So 14:00-20:00";"";"www.berlin.de/ba-neukoelln/org/arw/arw.index.html";"";"52,474158";"13,44528"
"80";"Pankow";"Lucia Weihnachtsmarkt in der Kulturbrauerei";"Kulturbrauerei in Prenzlauer Berg, Schönhauser Allee   36-39";"10435 Berlin";"Ketering GmbH (Veranstalter, Vermietung)
Tel.: 44 31 07 37,
Fax: 25 74 85 50
Presse-Marketing-Programm:
FÃªte Company
Tel.: 449 25 94";"2015-11-23";"2015-12-22";"Mo-Fr 15:00-22:00
Sa-So 13:00-22:00";"mailto:jul@lucia-weihnachtsmarkt.de";"www.lucia-weihnachtsmarkt.de";"Eintritt frei";"52,540507";"13,41442"
"82";"Pankow";"Adventsökomarkt und Ökomarkt der GRÜNEN LIGA am Kollwitzplatz";"Wörther Straße / Kollwitz- bis Knaackstraße";"10405 Berlin";"GRÜNE LIGA BERLIN
e. V., E. Westphal,
Prenzlauer Allee 8, 10405 Berlin
Tel.: 44 33 91 48, Fax: 44 33 91 33";"2015-11-29";"2015-12-20";"12:00-19:00";"mailto:oekomarkt.kollwitzplatz@grueneliga.de";"www.grueneliga-berlin.de";"NUR an den Adventssonntagen";"52,536404";"13,417079"
"84";"Pankow";"Nikolausmarkt auf dem Kinderbauernhof Pinkepanke";"Am Bürgerpark 15-18, S-Bhf. Wollankstraße ";"13156 Berlin";"Frau Rose
Tel.: 0177/464 16 75";"2015-12-06";"2015-12-06";"14:00-18:00";"";"";"keine Standvermietung!";"52,569076";"13,388773"
"160";"Pankow";"Emil's Weihnachtsgarten im Industriedenkmal";"Willner-Brauerei-Berlin, Berliner Str. 80 - 82";"13189 Berlin";"Willner-Brauerei-Berlin, Tel.: 0177/689 22 45, Fax: 32 51 98 53";"2015-11-28";"2015-12-20";"Sa 12:30-20:30
So 11:30-19:30";"post@emils-weihnachtsgarten.de";"www.emils-weihnachtsgarten.de";"An allen Adventswochenenden";"52,555961";"13,414687"
"86";"Reinickendorf";"Weihnachtsmarkt im EKZ ""Der Clou"" - Weihnachtsaktion im Einkaufszentrum ""Der Clou""";"am Kurt-Schumacher-Platz";"13405 Berlin";"Center-Management des Einkaufszentrums ""Der Clou""
Tel.: 49 87 20 96, Fax: 495 27 63";"2015-11-16";"2015-12-24";"Mo-Sa 10:00-20:00
06./20.12. 13:00-18:00
24.12. 10:00-14:00                    ";"mailto:info@derclouberlin.de";"www.derclouberlin.de";"""Himmelsbäckerei"" für Kinder  
30.11. - 18.12.
jeweils 10:00, 11:00, 16:00 und 17:00
nach vorheriger Anmeldung
im Büro des Center-
Managements";"52,563043";"13,327618"
"88";"Reinickendorf";"Weihnachtsfachmarkt in den Hallen Am Borsigturm";"Am Borsigturm 2, Einkaufscenter";"13507 Berlin ";"Center Manager: Herr Wilhelm, Werbegemeinschaft Hallen am Borsigturm
Tel.: 72 62 66 00";"2015-11-23";"2015-12-24";"Mo-Sa 10:00-20:00
06./20.12. 13:00-18:00
24.12. 10:00-14:00";"mailto:info@hallenamborsigturm.de";"www.hallenamborsigturm.de";"";"52,584894";"13,285817"
"90";"Reinickendorf";"XIII. Kunsthandwerklicher Weihnachtsmarkt Frohnau";"Zeltinger Platz / Ludolfingerplatz";"13465 Berlin";"Interessengemeinschaft Frohnauer Geschäfte - IFG
Kontakt/Organisation: KUNSTHAND-BERLIN
Cornelja Hasler
Tel.: 40 63 70 31, 0173/216 66 88,
Fax: 401 74 40";"2015-12-05";"2015-12-06";"11:00-18:00";"mailto:info@kunsthand-berlin.de";"www.kunsthand-berlin.de";"";"52,63313";"13,289572"
"92";"Reinickendorf";"Adventsmarkt der Evangelischen Kirchengemeinde Alt-Wittenau";"Dorfaue";"13437 Berlin";"Evangelische Kirchengemeinde Alt-Wittenau, Gemeindebüro: Alt-Wittenau 29
Tel.: 43 72 12 62, Fax: 43 72 12 66";"2015-11-28";"2015-11-28";"14:00-17:30";"mailto:info@dorfkirchewittenau.de";"www.dorfkirchewittenau.de";"";"52,592455";"13,329694"
"94";"Reinickendorf";"Weihnachtsmarkt vor der Johanneskirche Frohnau";"Zeltinger Platz 18";"13465 Berlin";"Johanneskirche Frohnau
Tel.: 401 20 33, Fax: 401 20 79";"2015-11-29";"2015-11-29";"14:00-18:00";"mailto:post@ekg-frohnau.de";"www.ekg-frohnau.de";"Eintritt frei";"52,63414";"13,29209"
"96";"Spandau";"42. Spandauer Weihnachtsmarkt";"Spandauer Altstadt";"13597 Berlin";"Partner für Spandau Gesellschaft für Bezirksmarketing mbH
Ansprechpartner: Herr Dettmann
Tel.: 36 75 72 61, Fax: 35 30 23 32";"2015-11-25";"2015-12-23";"täglich ab 11:00";"mailto:info@partner-fuer-spandau.de";"www.spandauer-weihnachtsmarkt.de";"";"52,537052";"13,204966"
"98";"Spandau";"45. Spandauer Weihnachtstraum - Kleiner Weihnachtsmarkt";"auf dem Rathausvorplatz";"13597 Berlin";"Wollenschlaeger, Thilo-Harry
Tel.: 0163/400 05 00 und 03322/428 82 45
Fax: 03322/423 41 39";"2015-11-25";"2015-12-27";"Mo-Do 11:00-21:00
Fr 11:00-22:00,
Sa 10:00-22:00,
So 11:00-21:00";"mailto:info@wollenschlaeger-berlin.de";"www.wollenschlaeger-berlin.de";"geschlossen am 24.12.15";"52,535232";"13,200732"
"100";"Spandau";"Weihnachtsmarkt im Evangelischen Johannesstift";"Schönwalder Allee 26";"13587 Berlin";"Evangelisches Johannesstift
Tel.: 33 60 90, Fax: 33 60 95 06";"2015-11-29";"2015-11-29";"12:00-18:00";"mailto:info@Evangelisches-Johannesstift.de";"www.evangelisches-johannesstift.de";"";"52,567834";"13,191662"
"102";"Spandau";"Sozialer Weihnachtsmarkt von Goldnetz";"Földerichplatz";"13595 Berlin";"Goldnetz gGmbH
Tel.: 28 88 37 77, Fax: 28 88 37 35";"2015-12-05";"2015-12-05";"14:00-18:00";"";"www.goldnetz-berlin.de";"";"52,520905";"13,193291"
"104";"Spandau";"28. Kladower Christkindlmarkt";"Imchenplatz";"14089 Berlin";"Cladower Dorf Union e. V., Tel. und Fax: 331 23 22
Tel. und Fax: 331 23 22";"2015-12-05";"2015-12-06";"12:00-19:00";"";"www.kladower-christkindlmarkt.de";"";"52,452567";"13,148174"
"106";"Steglitz-Zehlendorf";"19. Markt der Kontinente 2015 in den Museen Dahlem (letztmalig)";"Museen Dahlem, Lansstr. 8";"14195 Berlin";"Verein der Freunde des Ethnologischen Museums e. V. in Zusammenarbeit mit den Staatlichen Museen zu Berlin
Tel.: 830 14 38
www.smb.museum.de";"2015-11-21";"2015-12-13";"11:00-19:00";"www.smb.museum.de";"www.marktderkontinente.de";"NUR an den Wochenenden";"52,457319";"13,29302"
"108";"Steglitz-Zehlendorf";"Advent in der Königlichen Gartenakademie";"Altensteinstr. 15a";"14195 Berlin";"Königliche Gartenakademie, Tel.: 83 22 09 00, Fax: 832 20 90 10";"2015-11-20";"2015-12-23";"Di-Sa 11:00-17:30
So 11:00-17:00";"mailto:info@koenigliche-gartenakademie.de";"www.koenigliche-gartenakademie.de";"Mo. geschlossen";"52,455766";"13,300563"
"110";"Steglitz-Zehlendorf";"5. Zehlendorfer Weihnachtsmarkt auf der Dorfaue";"Teltower Damm, am Rathaus Zehlendorf";"14163 Berlin";"BA Steglitz-Zehlendorf, Büro des Bezirksbürgermeisters
www.steglitz-zehlendorf.de
Durchführung: Schausteller- und Gastronomiebetriebe Laurence Blume
Tel.: 0151/24 11 78 50,
Fax: 815 20 85
lb@blume-events.de";"2015-11-23";"2015-12-30";"So-Do 11:00-21:00
Fr-Sa 11:00-22:00
24.12.: 11:00-16:00
25.12./26.12.: 13:00-20:00
";"mailto:laurenceblume@web.de";"www.blume-events.de";"";"52,43353";"13,259371"
"112";"Steglitz-Zehlendorf";"Steglitzer Weihnachtsmarkt vor dem Forum Steglitz";"Schloßstr. 1";"12163 Berlin";"Schausteller- und Gastronomiebetriebe Laurence Blume
Tel.: 0151/24 11 78 50,
Fax: 815 20 85
lb@blume-events.de";"2015-11-23";"2016-01-06";"täglich 10:30-21:00
So 10:30-20:00
24.12.: 10:30-16:00
25./26.12.: 10:30-20:00";"mailto:laurenceblume@web.de";"www.blume-events.de";"";"52,46422";"13,3272"
"114";"Steglitz-Zehlendorf";"Adventsmarkt auf der Domäne Dahlem";"Königin-Luise-Str. 49";"14195 Berlin";"Domäne Dahlem Veranstaltungsgesellschaft mbH
Tel.: 66 63 00 10,
Fax: 66 63 00 20";"2015-11-28";"2015-12-20";"11:00-19:00";"mailto:kontakt@domaene-dahlem.de";"www.domaene-dahlem.de";"NUR an den Adventswochenenden";"52,45842";"13,28866"
"116";"Steglitz-Zehlendorf";"Weihnachtsmarkt auf dem Ferdinandmarkt";"Ferdinandstr. 34-35";"12209 Berlin";"Müller-Degenhardt & Degenhardt Marktstandvermietung GbR
Tel.: 824 20 45, Fax: 824 20 47";"2015-11-29";"2015-11-29";"11:00-19:00";"mailto:info@gv-degenhardt.de";"www.gv-degenhardt.de";"";"52,428165";"13,328123"
"118";"Steglitz-Zehlendorf";"Advent-Künstlerstation am Bahnhof Mexikoplatz";"Platz vor dem Bahnhof Mexikoplatz";"14163 Berlin";"Martin, Ramona, Tel.: 802 87 79";"2015-11-29";"2015-12-20";"11:00-19:00";"";"";"NUR an den Adventssonntagen";"52,437584";"13,232588"
"120";"Steglitz-Zehlendorf";"Märchenhafter Weihnachtsmarkt im Grunewald";"Hüttenweg 100 (am Grunewaldsee), Jagdschloss Grunewald";"14193 Berlin";"Stiftung Preußische Schlösser und Gärten Berlin-Brandenburg, Abt. Schlossmanagement
Kontakt: Jagdschloss Grunewald
Tel.: 813 35 97
";"2015-12-05";"2015-12-06";"11:00-19:00";"mailto:schloss-grunewald@spsg.de";"www.spsg.de";"Eintritt 3 €/ 2 € erm., inkl. Besichtigung im Schloss und Jagdzeugmagazin, Kinder unter 6 Jahren haben freien Eintritt";"52,467266";"13,261708"
"122";"Steglitz-Zehlendorf";"Adventsbasar im Gemeindehaus St. Michael";"Hohenzollernstr. 28";"14109 Berlin";"Katholische Kirchengemeinde Zu den hl. Zwölf Aposteln Berlin
Tel.: 805 86 29 70";"2015-11-21";"2015-11-22";"Sa 15:00-19:30
So 09:00-15:00";"mailto:pfarrbuero@hl-12-apostel.de";"www.hl-12-apostel.de";"";"52,41781";"13,150609"
"124";"Steglitz-Zehlendorf";"Großer Adventsbasar im Gemeindehaus";"Kirchweg 6";"14129 Berlin";"Evangelische Kirchengemeinde Nikolassee 
Tel.: 80 19 76 30";"2015-11-28";"2015-11-28";"11:00-18:00";"mailto:webmaster@gemeinde-nikolassee.de";"www.gemeinde-nikolassee.de";"";"52,425202";"13,20455"
"126";"Steglitz-Zehlendorf";"Weihnachtsmarkt der Wilhelmplatz-Initiative und der Ev. Kirchengemeinde Wannsee";"Kirche am Stölpchensee, Auf dem Wilhelmplatz";"14109 Berlin";"Evangelische Kirchengemeinde Berlin-Wannsee
Tel.: 805 16 50";"2015-11-29";"2015-11-29";"13:00-18:00";"mailto:KGWannsee@freenet.de";"www.wannseebote.ekbo.de";"";"52,412281";"13,141813"
"128";"Steglitz-Zehlendorf";"Das Weihnachtshaus in der Villa Donnersmarck";"Schädestr. 9-13";"14165 Berlin";"Villa Donnersmarck/Fürst-Donnersmarck-Stiftung
Tel.: 84 71 87 0, Fax: 84 71 87 23";"2015-12-13";"2015-12-13";"15:00-19:00";"mailto:villadonnersmarck@fdst.de";"www.villadonnersmarck.de";"";"52,42718";"13,25836"
"130";"Tempelhof-Schöneberg";"Adventsmarkt in der Lokhalle";"Lokhalle im Natur-Park Schöneberger Südgelände, S-Bahnhof Priesterweg";"12157 Berlin";"Grün Berlin GmbH
Tel.: 70 09 06 24, Fax: 700 90 69 24";"2015-11-29";"2015-12-06";"12:00-18:00";"mailto:info@suedgelaende.de";"www.gruen-berlin.de";"NUR an den Sonntagen";"52,459078";"13,358147"
"132";"Tempelhof-Schöneberg";"21. Weihnachtsmarkt auf Lehmanns Bauernhof am Zweiten Advent";"Alt-Marienfelde 35-37";"12277 Berlin";"Lehmanns Bauernmarkt
Tel.: 72 01 41 50, 0179/958 05 15,
Fax: 72 01 41 49";"2015-12-04";"2015-12-13";"Fr 14:00-20:00
Sa-So 12:00-20:00";"mailto:Lehmanns-Bauernmarkt@gmx.de";"www.lehmanns-bauernmarkt.de";"jeweils Freitag bis Sonntag";"52,411971";"13,366999"
"134";"Tempelhof-Schöneberg";"39. Lichtenrader Lichtermarkt";"Alt-Lichtenrade, rund um den Dorfteich (Giebel-Pfuhl)";"12305 Berlin";"BA Tempelhof-Schöneberg
Ansprechpartnerin: Frau Barnekow
Tel.: 902 77 23 01,
Fax: 902 77 22 20       ";"2015-11-29";"2015-11-29";"13:00-19:00";"";"";"";"52,40523";"13,399936"
"136";"Tempelhof-Schöneberg";"31. Marienfelder Weihnachtsmarkt des TSV Marienfelde 1890 e. V.";"Alte Feuerwache, Alt-Marienfelde 36";"12277 Berlin";"TSV Marienfelde 1890 e. V.
Tel.: 722 45 46, Fax: 74 30 59 65";"2015-12-05";"2015-12-06";"12:00-19:00";"mailto:sport@tsv-marienfelde.de";"www.tsv-marienfelde.de";"mit Beteiligung der
Marienfelder Kyffhäuser";"52,41275";"13,36764"
"138";"Tempelhof-Schöneberg";"9. Friedenauer Engelmarkt";"Breslauer Platz am Rathaus Friedenau";"12159 Berlin";"Friedenau-Netzwerk
Magrit Knapp
Tel.: 852 33 56";"2015-12-06";"2015-12-06";"13:00-18:00";"mailto:Magrit.knapp@friedenau-netzwerk.de";"www.friedenau-netzwerk.de";"";"52,472222";"13,335556"
"140";"Tempelhof-Schöneberg";"Weihnachtsmarkt Marienfelder Dorfkirche";"Rund um die Dorfkirche Marienfelde, Alt-Marienfelde";"12277 Berlin";"Evangelische Kirchengemeinde Marienfelde in Kooperation mit Christoph Wolff und Christopher Benn, Tel.: 75 51 22 00, Fax: 755 12 20 10";"2015-12-04";"2015-12-06";"Fr 14:00-20:00
Sa, So 12:00-20:00";"mailto:kuesterei@marienfelde-evangelisch.de";"www.marienfelde-evangelisch.de";"";"52,41293";"13,347901"
"142";"Tempelhof-Schöneberg";"Lichtenrader Weihnachtsmarkt";"Bahnhofstraße, Berlin-Lichtenrade";"12307 Berlin";"Jüttner Entertainment Christian Jüttner, Tel.: 52 64 66 89 und 0152/33 90 83 98, Fax: 52 64 66 90";"2015-11-28";"2015-11-29";"Sa 12:00-22:00
So 12:00-20:00";"mailto:info@juettner-entertainment.de";"www.jüttner-entertainment.de";"ch.juettner@web.de";"52,386675";"13,402335"
"158";"Tempelhof-Schöneberg";"Adventsbasar des Kinderhile e. V.";"Philippus-Nathanael-Gemeindehaus, Grazer Platz 4";"12157 Berlin";"Kinderhilfe e. V., Tel.: 857 47 83 60, Fax: 27 49 82 98";"2015-11-29";"2015-11-29";"10:00-17:00";"info@kinderhilfe-ev.de";"www.kinderhilfe-ev.de";"";"52,466701";"13,345071"
"144";"Treptow-Köpenick";"Weihnachtsmarkt in den Späth'schen Baumschulen
Lichterglanz im Tannenwald - präsentiert von radioBERLIN 88,8";"Späthstr. 80/81";"12437 Berlin";"Späth'sche Baumschulen Handel GmbH
Tel.: 63  90 03 32";"2015-12-05";"2015-12-13";"11:00-20:00";"mailto:info@spaethsche-baumschulen.de";"www.spaethsche-baumschulen.de";"am 2. und 3. Adventswochenende";"52,45434";"13,47371"
"146";"Treptow-Köpenick";"Köpenick, die Weihnachtsinsel";"Schlossinsel Köpenick, Schlossplatz Köpenick";"12555 Berlin";"Bezirksamt Treptow-Köpenick von Berlin
Tel.: 902 97 27 60, Fax: 902 97 28 50, Herr Lemaitre, Tel.: 0173/617 25 51, Fax: 61 67 40 09";"2015-12-11";"2015-12-13";"Fr 14:00-21:00
Sa 12:00-21:00
So 12:00-20:00";"mailto:veranstaltungen@ba-tk.berlin.de";"www.berlin.de/ba-treptow-koepenick/aktuelles/koepenickerweihnachtsinsel.html";"";"52,444676";"13,574498"
"148";"Treptow-Köpenick";"Weihnachtsmarkt Friedrichshagen Bölschestraße";"Marktplatz Bölschestraße";"12587 Berlin";"Wolfgang Hirche,
15370 Vogelsdorf
Tel.: 033439/779 79, 0172/309 49 77,
Fax: 033439/779 80";"2015-12-19";"2015-12-20";"Sa 09:00-22:00
So 11:00-20:00";"mailto:Markt-Hirche@web.de";"";"";"52,451915";"13,624878"
"150";"Treptow-Köpenick";"Lichtermarkt an der Christuskirche";"Firlstr. 16";"12459 Berlin";"Evangelische Kirchengemeinde Berlin-Oberschöneweide, Tel.: 535 31 55 Ansprechpartner: Herr Noak   
Tel.: 97 60 14 17";"2015-11-28";"2015-11-28";"14:00-18:00";"mailto:gemeinde@ev-kirche-oberschoeneweide.de";"www.ev-kirche-oberschoeneweide.de";" 14:00 Eröffnung mit Bläserensemble Köpenick, 15:00 Basteln im Musikzimmer der Kirche,  18:00 Adventskonzert mit dem Köpenicker Chor ""Sing! Sing!""
Basteln und Kaffee in der Grundschule an der Wuhlheide";"52,46309";"13,52339"
"152";"Treptow-Köpenick";"Müggelheimer Weihnachtsmarkt mit altem Handwerk und Markt";"westl. Seite Dorfanger Müggelheim und Dorfklub ""Alte Schule""";"12559 Berlin";"Müggelheimer Heimatverein e. V.
Tel.: 659 86 13";"2015-11-28";"2015-11-28";"10:00-20:00";"mailto:Mueggelheimer-heimatverein@gmx.de";"www.mueggelheimer-heimatverein.de";"";"52,411639";"13,662379"
"154";"Treptow-Köpenick";"6. Altglienicker Advents-Markt";"Rund um die Pfarrkirche, Semmelweisstr. 2";"12524 Berlin";"Evangelische Kirchengemeinde
Altglienicke
Tel.: 672 83 81 und
Bürgerverein Altglienicke e. V.";"2015-11-29";"2015-11-29";"14:00-19:00";"mailto:buergerverein@altglienicke.de";"www.altglienicke.de";"";"52,42191";"13,5393"