id,district,name,street,zip_city,lon,lat,hours,20141117,20141118,20141119,20141120,20141121,20141122,20141123,20141124,20141125,20141126,20141127,20141128,20141129,20141130,20141201,20141202,20141203,20141204,20141205,20141206,20141207,20141208,20141209,20141210,20141211,20141212,20141213,20141214,20141215,20141216,20141217,20141218,20141219,20141220,20141221,20141222,20141223,20141224,20141225,20141226,20141227,20141228,20141229,20141230,20141231,20150101,20150102,20150103,20150104,20150105,20150106,organizer,org_address,org_contact,phone,phone2,fax,email,web,fee,kind,remarks,todo,copyright
14,Charlottenburg-Wilmersdorf,37. Grunewalder Weihnachtsmarkt,Bismarckallee 28 B,14193 Berlin,,,11:00-19:00,,,,,,,,,,,,,,11:00-19:00,,,,,,,,,,,,,,,,,,,,,,,,,,,,,,,,,,,,,,Evangelische Kirchengemeinde Grunewald,,Frau Wecke,,,89 73 33 55,h.wecke@grunewaldgemeinde.de,www.grunewaldgemeinde.de,,gemeinnützig,"<p>Weihnachtsstern und Mandelkern zum 1. Advent. Am 30. November ist es wieder soweit: Der traditionelle Grunewalder Weihnachtsmarkt öffnet von 11-19 Uhr seine Pforten.</p><p>Ein Henkelglas mit heißem Glühwein wärmt die kalten Finger, Bratwurstduft weht herüber, ein Hauch von Zimt liegt in der Luft: Beim Bummel über unseren Weihnachtsmarkt steigt die Vorfreude auf Weihnachten. In Grunewald trifft man sich mit Freunden und Bekannten, grüßt den einen oder anderen und schlendert zwischen den 60 Ständen mit vielfältigem Kunsthandwerk, duftenden Leckereien und informativen Einblicken in die Arbeit der Grunewalder Kirchengemeinden beider Konfessionen und anderer sozialer Einrichtungen und Initiativen. Fast nebenbei ersteht man auch das eine oder andere Mitbringsel, mit dem man seinen Liebsten zu Weihnachten eine Freude bereiten kann.</p><p>Rund um die markanten dreieckigen Glühweinstände ist es meist am vollsten. Der Glühwein, der nach einem alten Grunewalder Rezept zubereitet wird, ist einfach ein Genuss. Und das abwechslungsreiche Programm in der Kirche, das Weihnachtsliedersingen mit KMD Brick sowie das Kinderprogramm der Kita locken Groß und Klein ins Warme.</p>",ready,Evangelische Kirchengemeinde Grunewald
12,Charlottenburg-Wilmersdorf,Dänischer Weihnachtsmarkt,Brienner Str. 12,10713 Berlin,,,Sa 12:00-18:00<br>So 12:00-17:00,,,,,,,,,,,,,12:00-18:00,12:00-17:00,,,,,,,,,,,,,,,,,,,,,,,,,,,,,,,,,,,,,,Dänische Gemeinde Berlin,,,873 44 30,,,,www.christianskirken.de,,gemeinnützig,"<p>Dänische Spezialitäten: Smørrebrød, Snaps, Æbleskiver, Glögg, Hotdogs, Suppe, Ris a la mande, Kuchen, Dänische Lebensmittel, Tombola, Nisser, Engel, Weihnachtsschmuck, Glas, Kerzen, Mobiles, Textilien, Kindermode, Spielzeug und Dänisches Design</p><p>Eröffnung durch den dänischen Botschafter Per Poulsen-Hansen</p><p>Live Jazzmusik und vieles mehr...</p><p>Christianskirken - Die Dänische Kirche am Fehrbellinerplatz</p>",ready,Christianskirken
18,Charlottenburg-Wilmersdorf,32. Weihnachtsmarkt in der Lindenkirche,Homburger Str. 48,14197 Berlin,,,12:00-18:00,,,,,,,,,,,,,,,,,,,,12:00-18:00,,,,,,,,,,,,,,,,,,,,,,,,,,,,,,,,Evangelische Lindenkirchengemeinde,,,827 92 20,,82 79 22 41,buero@lindenkirche.de,www.lindenkirche.de,,gemeinnützig,"<p>Viele Verkaufsstände, Trödel, großer Bücherstand, Waffeln, Tag der offenen Tür der Kita, Cafeteria, Historische Modellbahn, Musik, Essen, Glühwein, Tombola, ""Die Hauptstadtseife"", Brot aus dem Holzbackofen, uvm.</p><p>12:00 Uhr Beginn mit dem Bläserchor</p><p>16:00 Uhr Singspiel ""6.12. - Gutes kommt auch über Nacht""</p>",ready,Lindenkirchengemeinde
16,Charlottenburg-Wilmersdorf,Nikolausmarkt der Beschäftigungs- und Bildungsträger,"im Rathaus Charlottenburg, Otto-Suhr-Allee 100",10585 Berlin,,,11:00-14:30,,,,,,,,,,,11:00-14:30,,,,,,,,,,,,,,,,,,,,,,,,,,,,,,,,,,,,,,,,,"BA Charlottenburg-Wilmersdorf von Berlin, Abt. Soziales + Gesundheit",,,902 91 57 56,,,cw801003@charlottenburg-wilmersdorf.de,,,gemeinnützig,"<p>In den vergangen Jahren hatte sich der Nikolausmarkt am Rathaus Wilmersdorf als beliebter Geheimtipp für Geschenkideen etabliert, die man nicht überall findet. Auf dem Markt werden nämlich Produkte aus den Werkstätten und Küchen von gemeinnützigen Trägern präsentiert, die sich für die Integration von Menschen in den Arbeitsmarkt engagieren, bzw. Menschen eine Beschäftigung bieten, die wegen einer Behinderung oder psychischen Erkrankung keinen Zugang zum Arbeitmarkt finden.</p><p>Sozial- und Gesundheitsstadtrat Carsten Engelmann eröffnet am Donnerstag, dem 27.11.2014 um 11:00 Uhr den Nikolausmarkt der Bildungs- und Beschäftigungsträger, der in diesem Jahr von 11:00 bis 15:00 Uhr am neuen Standort im Eingangsbereich des Rathauses Charlottenburg in der Otto-Suhr-Allee 100 stattfindet.</p><p>Carsten Engelmann: “Ich bin überzeugt davon, dass der Nikolausmarkt auch im schönen Rathaus Charlottenburg ein Erfolg wird. Der Markt ist ein sehr anschaulicher Weg zu zeigen, welche wunderbaren Produkte die Beschäftigten in den Werkstätten anfertigen.“</p>",ready,Bezirksamt Charlottenburg-Wilmersdorf von Berlin
10,Charlottenburg-Wilmersdorf,Schwedischer Weihnachtsbasar,Landhausstr. 26,10717 Berlin,,,Sa 10:00-19:00<br>So 12:00-18:00,,,,,,,,,,,,,10:00-19:00,12:00-18:00,,,,,,,,,,,,,,,,,,,,,,,,,,,,,,,,,,,,,,Schwedische Victoriagemeinde,,,864 95 90,,86 49 59 99,berlin@svenskakyrkan.se,www.svenskakyrkan.se,,gemeinnützig,"<p>... wie immer am 1. Advent: Weihnachtsbasar der Schwedischen Kirche</p><p>Kunsthandwerk, Weihnachtsdecken und Weihnachtsschmuck, Lebensmittel und Textil aus Schweden und Norwegen. Tombola, Cafeteria, Imbisse</p><p>Lucia kommt an beiden Tagen gegen 16 Uhr.</p><p>Wir freuen uns auf Ihren Besuch! Die Schwedische Victoriagemeinde</p>",ready,Schwedische Victoriagemeinde
6,Charlottenburg-Wilmersdorf,Weihnachten in Westend,Preußenallee,14052 Berlin,,,11:00-20:00,,,,,,,,,,,,,,,,,,,,,,,,,,,,,,,,,,11:00-20:00,11:00-20:00,,,,,,,,,,,,,,,,,Family & Friends e. V.,,,305 55 21,,,kontakt@family-and-friends-eV.de,www.family-and-friends-eV.de,,teilgewerblich,"<p>Am 4. Adventswochenende können sich alle Besucher und Besucherinnen auf winterliche Spezialitäten und süße Leckereien, die Märchenerzählerin Rumpumpel, Greifvögel mit ihrem Falkner sowie die Weihnachtskrippe mit lebenden Tieren freuen.</p><p>Künstler und Kunsthandwerker stellen ihre Produkte aus, lassen sich bei der Arbeit über die Schulter sehen und verkaufen ihre selbst gefertigten Kunst-Stücke an Ort und Stelle, darunter der Kupferklopfer und der Schmied, der Drechsler und der Gürtelmacher, das Kerzenziehen sowie von Hand gesponnene Wolle, die vor Ort zu Kleidungsstücken verarbeitet wird. Und ob Keramik der Extraklasse, gehäkelte und gefädelte Ketten, einzigartige Lampen aus Glas, Wohnliches aus Tiffany und Fusingglas, Glas- und Porzellanmalerei, Bilder und Karten aus gepressten Pflanzen, handgefertigte Mode aus Walkloden, Taschen und Körbe aus Tetrapak, Berliner Fotokunst sowie Architekturfotografie und Lost Places, Dekopageartikel im Shabby-Look und Patchwork, Tägliches aus Hauptsaechlich Leinen, Keramikblüten, Lesemagneten, ... Sie haben alle eines gemeinsam: Sie sind originell - und - original!</p><p>Und außerdem hat noch ein radelndes und sprechendes weihnachtliches Rüsseltier sein Kommen angesagt.</p>",ready,Family & Friends e. V.
20,Charlottenburg-Wilmersdorf,Christmas Fair / A very British Christmas,Preußenallee 17-19,14052 Berlin,,,15:00-18:00,,,,,,,,,,,,,,,,,,,,15:00-18:00,,,,,,,,,,,,,,,,,,,,,,,,,,,,,,,,St George's Church,"Preußenallee 17-19, 14052 Berlin",,304 12 80,,,office@stgeorges.de,www.stgeorges.de,,gemeinnützig,"<p>The Anglican Parish of Berlin invites for this year’s varied Christmas Market. On the ground of the spacious church garden English and German stands offer specialties: Gifts, handicrafts, toys and games, a tombola, a raffle with wonderful prizes, homemade cakes and traditional mince pies along with other British specialties.</p><p>Lots of Christmas music with various choirs, bagpipes and a Christmas carol sing-along guarantee a special atomosphere. There is a room for children, with activities and professional readers to entertain them with Christmas tales in English and German. English books are on sale at great low prices in the chapel. Lots of alcoholic and nonalcoholic refreshments will be on sale to keep energy and spirits high!</p>",ready,St George’s Anglican Episcopal Church
22,Charlottenburg-Wilmersdorf,Kunsthandwerklicher Weihnachtsmarkt vor dem Bröhanmuseum,Schloßstr. 1-1 A,14059 Berlin,,,12:00-18:00,,,,,,,,,,,,,,,,,,,,,,,,,,,,12:00-18:00,,,,,,,,,,,,,,,,,,,,,,,,Kiezbündnis Klausenerplatz e.V.,,,30 82 44 95,,30 82 44 98,info@klausenerplatz.de,www.klausenerplatz.de,,gemeinnützig,"<p>Am Sonntag, den 14. Dezember 2014, findet - wie schon seit über zehn Jahren - vor dem Bröhanmuseum (Schloßstr. 1a) in Charlottenburg auch in diesem Jahr wieder zwischen 12.00 – 18.00 Uhr der kunsthandwerkliche Weihnachtsmarkt des Kiezbündnisses Klausenerplatz e.V. mit rund 40 Ständen statt.</p>",ready,Kiezbündnis Klausenerplatz e.V.
2,Charlottenburg-Wilmersdorf,Weihnachtsmarkt vor dem Schloss Charlottenburg,Spandauer Damm zwischen Luisenplatz und Klausenerplatz,14059 Berlin,,,Mo-Do 14:00-22:00<br>Fr-So 12:00-22:00<br>25./26.12. 12:00-20:00,,,,,,,,14:00-22:00,14:00-22:00,14:00-22:00,14:00-22:00,12:00-22:00,12:00-22:00,12:00-22:00,14:00-22:00,14:00-22:00,14:00-22:00,14:00-22:00,12:00-22:00,12:00-22:00,12:00-22:00,14:00-22:00,14:00-22:00,14:00-22:00,14:00-22:00,12:00-22:00,12:00-22:00,12:00-22:00,14:00-22:00,14:00-22:00,14:00-22:00,14:00-22:00,12:00-22:00,12:00-22:00,12:00-22:00,14:00-22:00,14:00-22:00,,12:00-20:00,12:00-20:00,12:00-22:00,12:00-22:00,,,,,,,,,,werbeteam berlin/Tommy Erbe,,,261 20 12,,261 20 22,info@werbeteam-berlin.de,www.werbeteam-berlin.de,"Eintrittspreise (nur am Samstag ab 16.30 Uhr): Erwachsene 3.- €, Ermäßigung (Schüler, Auszubildende, Studenten, Wehrdienst- und Zivildienstleistende und Senioren, Kinder ab 10 Jahren) 1.- €, Gäste mit Mobilitätseinschränkung inkl. einer Begleitung und Kinder unter 10 Jahren zahlen keinen Eintritt",gewerblich,"<p>Die alljährliche Weihnachtszeit wird ganz besonders von unseren Kindern mit großer Vorfreude herbeigesehnt. Deshalb haben wir für unsere kleinsten Besucher ein zusätzliches Areal direkt vor der Kleinen Orangerie geschaffen, auf dem wir mit besonderen Angeboten aufwarten: Es gibt mehrere nostalgische und historische Kinderkarussells, ein Riesenrad, einen Kettenflieger, eine Mini-Achterbahn, ein Pferde-Karussell und die schon genannte Luftschaukel. Auch wieder mit dabei ist die kleine Märchen-Eisenbahn und ganz neu unser Oldtimerkarussell, das durch den weihnachtlichen beleuchteten Winterwald fährt.</p><p>Unsere Gastronomen bieten köstliche Spezialitäten aus unterschiedlichsten Regionen und Ländern wie z.B. Ungarn, Polen, Russland, den Niederlanden, Italien, Schweden, Frankreich, Österreich, Bayern, Brandenburg, Berlin und Thüringen darunter Traditionelles und zahlreiche, unbekannte Rezepturen. Ob für ‚auf die Hand’ zum Rundgang oder am gedeckten Tisch in den beheizten Restaurant-Pagoden des schönsten Winter-Open-Air Restaurant Berlins  mit Blick auf das Schloss Charlottenburg – von süß bis herzhaft gibt es ein umfangreiches Speisenangebot zu verkosten: Österreichische Spezialitäten, das große Entenzelt oder Deftiges aus der Brandenburger Küche.</p>",ready,werbeteam berlin
8,Charlottenburg-Wilmersdorf,Weihnachtsmarkt Berlin-Grunewald des Johannischen Sozialwerks e. V.,"St.-Michaels-Heim, Bismarckallee 23",14193 Berlin,,,Fr 16:00-20:00<br>Sa 14:00-20:00<br>So 12:00-18:00,,,,,,,,,,,,16:00-20:00,14:00-20:00,12:00-18:00,,,,,,,,,,,,,,,,,,,,,,,,,,,,,,,,,,,,,,Johannisches Sozialwerk e.V.,,,89 68 81 88,,89 68 81 85,,www.johannisches-sozialwerk.de,,gemeinnützig,"<p>Seit Monaten schon haben viele fleißige Hände geklebt und gewerkelt und gebacken. Andere haben Spenden von Trödel, Büchern und Secondhand-Kleidung sortiert und präsentabel vorbereitet. Sänger und Instrumentalisten haben beständig geübt, Laienspieler geprobt, Organisatoren organisiert. Viele ehrenamtliche Helfer – Mitglieder und Freunde der Johannischen Kirche und des Johannischen Sozialwerks e.V. – haben das St.-Michaels-Heim und das Außengelände für Sie vorbereitet und geschmückt. Nun heißen wir Sie alle Herzlich willkommen!</p><p>Wir freuen uns und hoffen, dass Sie bei uns finden, was Ihnen gut tut: Vielleicht etwas Schmuck für den Tannenbaum, Weihnachtsgebäck wie zu Großmutters Zeiten, kulturelle und kulinarische Genüsse, einen schönen Weihnachtsstern, Weihnachtsstimmung bei Gesang und Bläserklang...</p><p>Wir danken für Ihr Kommen und das, was Sie uns an Freude und Zeit bringen. Der Reinerlös dieses Weihnachtsmarktes kommt der Arbeit des Johannischen Sozialwerks e.V. und damit Kindern und Jugendlichen, kranken, behinderten und hilfsbedürftigen Menschen zugute.</p><p>Eine gesegnete Adventszeit wünschen Ihnen das Johannische Sozialwerk e.V. sowie alle Helfer und Mitarbeiter</p>",mail,PixelAnarchy
4,Charlottenburg-Wilmersdorf,Weihnachtsmarkt in der Fußgängerzone Wilmersdorfer Straße,Wilmersdorfer Straße,10627 Berlin,,,Mo-Sa 11:00-21:00<br>So 12:00-20:00<br>24.12. 10:00-14:00,,,,,,,,,,,,11:00-21:00,11:00-21:00,12:00-20:00,11:00-21:00,11:00-21:00,11:00-21:00,11:00-21:00,11:00-21:00,11:00-21:00,12:00-20:00,11:00-21:00,11:00-21:00,11:00-21:00,11:00-21:00,11:00-21:00,11:00-21:00,12:00-20:00,11:00-21:00,11:00-21:00,11:00-21:00,11:00-21:00,11:00-21:00,11:00-21:00,12:00-20:00,11:00-21:00,11:00-21:00,10:00-14:00,,,11:00-21:00,12:00-20:00,11:00-21:00,,,,,,,,,"Lauenburger, A.",,,0163/495 77 62,,,lauenburger-pony@gmx.de,www.wilmersdorfer-arcaden.de,,gewerblich,"<p>Frohe Weihnachten oder God Jul (auf Skandinavisch) heißt es in diesem Jahr auf dem Weihnachtsmarkt der Wilmersdorferstraße vom 28.11.2014 bis 29.12.2014 täglich von 11:00 Uhr bis 21:00 Uhr und am Sonntag von 13:00 Uhr bis 20:00 Uhr! Dort gibt es in diesem Jahr tolle Attraktionen.</p><p>Bestaunen Sie doch die wunderschöne Weihnachtstanne mit über 15.400 Lichtern oder die tolle Weihnachtskrippe mit lebensgroßen Figuren. Flanieren Sie im wunderschönen Weihnachtlichen Ambiente. Genießen Sie z.B. ein tolles Wildgericht, Köttbullar oder Kartoffelpuffer mit skandinavischem Lachs. Dazu ein schönes Glas Glögg mit Mandeln und Rosinen, Glühwein oder Eierpunsch?</p><p>Auch naschen ist an Weihnachten erlaubt!! Hierzu gibt es Feinstes aus Schokolade, gebrannte Mandeln, kandierte Früchte, Crêpes und Gebäck.</p><p>Im Bereich vor Karstadt finden Sie einzigartig in ganz Berlin unser Julhaus (Haus vom Nikolaus). Hier können unsere kleinen Gäste täglich in der Zeit von 16:00 Uhr bis 17:00 Uhr einen Wunschzettel beim Weihnachtsmann abgeben und sein tolles Haus und seine Rentiere anschauen.</p><p>Bewacht wird das Ganze von dem 2,50 m großen Riesenelch „Elmar“. Auch der Spaß bei den kleinen kommt nicht zu kurz hier gibt es das beliebte Ponyreiten, Kinderkarussell und die lustige Bimmelbahn. Also, in der Wilmersdorferstraße bleibt kein Wunsch offen... Wir freuen uns auf Ihren Besuch!!!</p>",ready,Angelique Lauenburger
172,Friedrichshain-Kreuzberg,Weihnachten für Sammler - oldthing Adventsbörse im Kaufhaus,"Galeria Kaufhof Ostbahnhof, 4. Etage, Koppenstr. 8",10243 Berlin,,,Sa 11:00-20:00<br>So 13:00-18:00,,,,,,,,,,,,,,,,,,,,,,,,,,,,,,,,,,11:00-20:00,13:00-18:00,,,,,,,,,,,,,,,,,oldthing märkte GbR,"Treskowallee 116, 10318 Berlin",,29 00 20 10,,,info@oldthing.de,www.oldthing.de,"Eintritt 2 €, Kinder und ab 17:00 frei",gewerblich,"<p>Auf der gesamten 4. Etage der Galeria Kaufhof Ostbahnhof mit rund 3000 m² werden nicht nur Kinder- & Sammlerherzen höher schlagen ob der liebevoll dargebotenen Kostbarkeiten. Alles handverlesene Einzelstücke und Unikate, deren Charme eine wohlig anmutende Aura zu versprühen vermag. Antikes Spielzeug und Christbaumschmuck, Puppen, Teddys, Modelleisenbahnen, Ansichtskarten, Briefmarken und Münzen aus längst vergangenen Tagen, Kleinantiquitäten und wunderschöner alter Schmuck.</p><p>Wer Sinn und Freude an alter Lebenskultur und Traditionellem hat und diese unverfälscht verschenken mag, ist hier genau richtig. Ob als persönliches Weihnachtsgeschenk für die Liebsten oder last-minute Kauf für sich selbst, das patinierte Angebot der oldthing Sammlerbörse kann der allerorts schrillen Massenkultur etwas von der Besinnlichkeit und Ruhe schenken, die die Weihnachtszeit so schön macht.</p><p>80 Händler aus ganz Deutschland stellen das Gros der teilnehmenden Aussteller. Neben den professionellen Händlern bietet die Börse auch Privatpersonen Gelegenheit, ihre eigene Sammlung anzupreisen.</p>",ready,oldthing märkte
30,Friedrichshain-Kreuzberg,KiezWeihnacht an der Samariterkirche,Samariterplatz/Samariterstr. 14,10247 Berlin,,,13:00-20:00,,,,,,,,,,,,,,,,,,,,13:00-20:00,13:00-20:00,,,,,,13:00-20:00,13:00-20:00,,,,,,,,,,,,,,,,,,,,,,,,Samariter-Galiläa-Gemeinde und Die Friedrichshainer,,Steffen Belz,74 77 26 01,,,info@die-friedrichshainer.de,www.kiezweihnacht.de,,gewerblich,"<p>Die 9. KiezWeihnacht – ein beschaulicher Weihnachtsmarkt in Berlin-Friedrichshain – findet am zweiten und dritten Adventswochenende statt. Stimmungsvoll präsentieren sich auch im Jahr 2014 wieder über 60 Händler an der Samariterkirche, die vorwiegend aus dem Kiez stammen. Das Angebot ist so vielfältig wie der Kiez selbst. Kunsthandwerk und Schmuckdesign werden ebenso wie Kinderspielzeug oder Adventsdekoration erhältlich sein. Für das leibliche Wohl ist gesorgt, es gibt Bastelangebote für Kinder und -natürlich- einen Weihnachtsmann. Die Veranstalter, Händler und Kunsthandwerker in Friedrichshain wollen mit der Organisation dieses Weihnachtsmarktes ein beschauliches und nachbarschaftliches Ambiente schaffen. Nachbarn und Besucher sind eingeladen, Geschäfte der Umgebung kennenzulernen und ins Gespräch zukommen. Es werden Geschenkideen aller Art angeboten in einem Umfeld jenseits der allgegenwärtigen Vorweihnachtshektik. Die Erfahrungen der vergangenen Jahre zeigen, dass dieses Angebot von den Anwohnern gerne angenommen wird.</p><p>Für das kulturelle Ambiente sorgt die traditionsreiche evangelische Kirchengemeinde Galiläa-Samariter. So werden nachmittags und am frühen Abend Konzerte, Lesungen und ein Kinderprogramm in der Samariterkirche stattfinden. Da die Konzerte und Vorstellungen erfahrungsgemäß gut besucht sind, empfehlen wir, rechtzeitig zu erscheinen. Sobald die genauen Termine feststehen, werden diese der Presse bekanntgegeben.</p>",ready,Steffen Belz
24,Friedrichshain-Kreuzberg,Traditioneller Weihnachtsbasar im Finnland-Zentrum,Schleiermacherstr. 24a,10961 Berlin,,,12:00-18:00,,,,,,12:00-18:00,12:00-18:00,,,,,,,,,,,,,,,,,,,,,,,,,,,,,,,,,,,,,,,,,,,,,Suomi Keskus - Finnlandzentrum e. V.,"Schleiermacherstr. 24a, 10961 Berlin",,781 81 89,,,info@finnlandzentrum.de,www.finnlandzentrum.de,,gemeinnützig,"<p>Flammlachs, Lachssuppe, weihnachtliche Leckereien, Cafe & Tombola, finnische Süßigkeiten und Lebensmittel, Handarbeiten, Geschenkartikel, Glühwein etc. Der Weihnachtsmann besucht uns an beiden Tagen um 14:00 und 16:00 Uhr.</p><p>Herzlich willkommen, die weihnachtliche Stimmung im Finnland-Zentrum zu genießen!</p>",ready,PublicDomainPictures
26,Friedrichshain-Kreuzberg,Adventsbasar Heilig-Kreuz-Kirche,Zossener Str. 65,10961 Berlin,,,15:00-18:00,,,,,,,,,,,,,15:00-18:00,,,,,,,,,,,,,,,,,,,,,,,,,,,,,,,,,,,,,,,Evangelische Kirchengemeinde Heilig Kreuz – Passion,"Zossener Str. 65, 10961 Berlin",,81 49 25 82,691 20 07,,m.schmieder@heiligkreuzpassion.de,www.heiligkreuzpassion.de,,gemeinnützig,"<p>Die Heilig-Kreuz-Kirche ist die große rote Kirche in der Zossener Straße 65 am Blücherplatz, die man von U Linie 1 sehen kann. Motto des Adventsbasars am Samstag: ""Selbst Gemachtes, selber Machen und selbst singen""</p><p>Adventskranz binden, Kekse verzieren oder Salzteigfiguren bemalen, Origami falten, Adventslieder singen, selbstgemachte Köstlichkeiten kaufen, Näh- und kunsthandwerkliche Arbeiten bestaunen und erwerben, „Kesse Kleidung und Kaffee“ im Kirchencafé, Tombola. Um 15 und um 17 Uhr im Dachgeschoss Puppenspiel „Zwerg Nase“.</p><p>Die Evangelische Kirchengemeinde Heilig Kreuz - Passion freut sich auf Euch/Sie!</p>",ready,Klaus Okrafka
34,Lichtenberg,Mittelalterlicher Weihnachtsmarkt Karlshorst,Ehrenfelsstr. 7,10318 Berlin,,,Sa 13:00-22:00<br>So 13:00-18:00,,,,,,,,,,,,,,,,,,,,13:00-22:00,13:00-18:00,,,,,,,,,,,,,,,,,,,,,,,,,,,,,,,iKARUS stadtteilzentrum,,,89 62 25 52,,89 62 35 47,ikarus@sozdia.de,www.ikarus-firmaris.de,,gemeinnützig,"<p>Werte Besucher, der Mittelalterliche Weihnachtsmarkt in Karlshorst lädt Sie wie jedes Jahr ein zu mittelalterlichem Handwerk, Gewürzduft, handgetriebenem Karussel für Kinder und vielem mehr. Dazu präsentieren zahlreiche Karlshorster Einrichtungen und Kunstschaffende ihre Arbeit.</p><p>Am Samstag, 6. Dezember von 13 bis 22 Uhr und Sonntag, 7. Dezember von 13 bis 19 Uhr auf dem Johannes-Fest-Platz in 10318 Karlshorst.</p><p>NEU in diesem Jahr: ein Innen-Weihnachtsmarkt im Kulturhaus mit Ständen von Kleidung und Kindersachen, mit Klangholzschitzen, einer Nähstube, einer Backstube uhnd natürlich vielen, weiteren Bastelangebote für Kinder. Öffnungszeit des Kulturhauses jeweils 13 bis 19 Uhr.</p>",ready,iKARUS stadtteilzentrum
32,Lichtenberg,21. Lichtenberger Lichtermarkt rund ums Rathaus Lichtenberg,Möllendorffstr. 6,10367 Berlin,,,13:00-19:00,,,,,,,,,,,,,,13:00-19:00,,,,,,,,,,,,,,,,,,,,,,,,,,,,,,,,,,,,,,BA Lichtenberg,,Frau Räpricht,902 96 82 05,,,jacqueline.raepricht@lichtenberg.berlin.de,,,gemeinnützig,"<p>Auch in diesem Jahr findet wieder der traditionelle Lichtermarkt „Rund ums Rathaus“ Lichtenberg statt – und zwar zum 21. Mal. Zur Einstimmung auf die Weihnachtszeit können Lichtenbergerinnen und Lichtenberger am Sonntag, 30. November, von 13 bis 18 Uhr auf dem Lichtermarkt vorbei schauen oder das Fest selbst mitgestalten.</p><p>Auf der Bühne vor dem Rathaus werden die auf Leinwand gedruckten, historischen Motive des Lichtenberger Jahreskalenders versteigert. Der Erlös kommt der Bienen-AG des Barnim-Gymnasiums zu Gute. Nach der Auktion sorgt ein bunt gemischtes Programm mit verschiedenen musikalischen Höhepunkten für Unterhaltung: Jimmy Kelly von der „Kelly Family“ wird bekannte Lieder und eigene Kompositionen spielen. Und Schlagersänger Christian Anders wird die Menge nicht nur mit „Es fährt ein Zug nach Nirgendwo“ zum Schunkeln bewegen. Das Lichtenberger Puppentheater „Puppenpaule“ wird jeweils um 15 sowie um 16.30 Uhr die jüngeren Besucher im Ratssaal begeistern. Und wer möchte, kann sich im Fotozelt gemeinsam mit dem Weihnachtsmann ablichten lassen.</p><p>Zahlreiche freie gemeinnützige Vereine, Schulen und Senioreneinrichtungen bieten an bunten Ständen vorwiegend selbst gefertigte Weihnachtsgeschenke, Handarbeiten und selbst gebackene Weihnachtsleckereien an. Außerdem gibt es heißen Glühwein und Leckereien vom Grill.</p><Der Lichtermarkt wird vom Sozialamt des Bezirkes organisiert. Er ist nicht kommerziell ausgerichtet. Der Kauf der angebotenen Produkte unterstützt die ehrenamtliche Arbeit und das Engagement vieler Lichtenberger Initiativen und Vereine.</p>",mail,PublicDomainPictures
44,Marzahn-Hellersdorf,Interkultureller Weihnachtsmarkt,"Eiche-Center, Wittenberger Str. 67",12689 Berlin,,,14:00-18:00,,,,,,,,,,,,,,,,,,,,,,,,,,14:00-18:00,,,,,,,,,,,,,,,,,,,,,,,,,,Vision e. V.,,,60 92 38 05,43 20 88 72,43 20 88 74,vision-ev@gmx.de,,,gemeinnützig,<p>Der interkulturelle Weihnachtsmarkt für den Stadtteil Marzahn Nordwest mit vielen Vereinen und Projekten aus dem Quartier findet auch dieses Jahr in den Passagen des Einkaufscenters „Zu den Eichen“ statt.</p>,mail,mahdigermany
42,Marzahn-Hellersdorf,"""Weltweihnacht"" in Marzahn-Hellersdorf",Helle Mitte vor dem Rathaus,12627 Berlin,,,11:00-21:00,,,,,,,,,,,,11:00-21:00,11:00-21:00,11:00-21:00,11:00-21:00,11:00-21:00,11:00-21:00,11:00-21:00,11:00-21:00,11:00-21:00,11:00-21:00,11:00-21:00,11:00-21:00,11:00-21:00,11:00-21:00,11:00-21:00,11:00-21:00,11:00-21:00,11:00-21:00,11:00-21:00,11:00-21:00,11:00-21:00,11:00-21:00,11:00-21:00,11:00-21:00,11:00-21:00,11:00-21:00,,,,,,,,,,,,,,,"Wollenschlaeger, Thilo-Harry",,,0163/400 05 00,03322/428 82 45,03322/423 41 39,info@wollenschlaeger-berlin.de,www.wollenschlaeger-berlin.de,,gewerblich,"<p>Der neue Weihnachtsmarkt in Marzahn-Hellersdorf bringt mit dem amerikanischen „Santa Claus“, mit Russlands „Väterchen Frost“ und mit „Knecht Ruprecht“, dem deutschen Gehilfen vom „Heiligen Nikolaus“, die Idee der weltumspannenden Feierlichkeiten in den Bezirk. Aus den drei internationalen Symbolfiguren und einer Weltkugel wurde eine Skulptur von sechs Metern Durchmesser geschaffen, die neues zentrales Symbol und vorweihnachtlicher Anziehungspunkt auf dem Alice-Salomon-Platz sein wird.</p><p>Weil Weihnachtsstimmung nicht nur besinnlich sein muss, gibt es auf dem neuen Weihnachtsmarkt in Marzahn-Hellersdorf neben festlichen Klängen auch rockige Christmas-Music auf der Show-Bühne. Täglich startet um 15.00 Uhr ein abwechslungsreiches Bühnenprogramm – mit der Weihnachts-Disko und DJ Monte sowie anderen Discjockey-Kollegen, der „Showco Rock’n Roll“-Live-Musik, Enricos Kindertheater, einer Glühweinparty mit Ilka und Jörg, Schmuckis Weihnachtsbläsern, Gedichten von und für Kinder sowie Peats-Weihnachtsmann-Band.</p><p>Für das leibliche Wohl sorgen zahlreiche Stände, an denen es Quarkbällchen und Waffeln gibt, gebrannte Mandeln und andere Süßigkeiten, die zu jedem Weihnachtsmarkt gehören. Wer es deftiger mag, lässt sich am Schwenk-Grill oder im Steakhouse saftiges Fleisch servieren oder genießt würzigen Glühwein und andere typische vorweihnachtliche Getränke.</p><p>Der neue Weihnachtsmarkt in Marzahn-Hellersdorf bietet auch beliebte Kirmes-Attraktionen, z.B. das „Dragon Kinderkarussell“ oder ein Kettenkarussell und einen Autoscooter für die Großen, viele Geschicklichkeitsspiele wie den „Big One“, „Greifer“ und „Pusher“, Entenangeln, Sportschießen oder Pfeilwerfen. So kann hier jeder „seine“ Attraktion finden, die zu einem ganz individuellen vorweihnachtlichen Vergnügen beiträgt.</p>",ready,PublicDomainPictures
40,Marzahn-Hellersdorf,Weihnachtsmarkt im Spree Center Berlin-Hellersdorf,Hellersdorfer Str. 77-83,12619 Berlin,,,Mo-Fr 09:00-19:30<br>Sa 09:00-18:00<br>07.12./21.12. 13:00-18:00<br>24.12. 09:00-14:00,,,,,,,,09:00-19:30,09:00-19:30,09:00-19:30,09:00-19:30,09:00-19:30,09:00-18:00,,09:00-19:30,09:00-19:30,09:00-19:30,09:00-19:30,09:00-19:30,09:00-18:00,13:00-18:00,09:00-19:30,09:00-19:30,09:00-19:30,09:00-19:30,09:00-19:30,09:00-18:00,,09:00-19:30,09:00-19:30,09:00-19:30,09:00-19:30,09:00-19:30,09:00-18:00,13:00-18:00,09:00-19:30,09:00-19:30,09:00-14:00,,,,,,,,,,,,,,"Spree Center Berlin-Hellersdorf, 1.-3. Tranche GbR",,"Wolfgang Kohlberg, Centermanager",56 88 08 - 0,,56 88 08 88,post@spree-center.de,www.spree-center.de,,gewerblich,"<p>Bis Heiligabend findet der Weihnachtsmarkt im Spree Center Berlin-Hellersdorf statt.</p><p>An folgenden Tagen sorgen die Engel für ein Leuchten in den Augen unserer kleinen und großen Kunden: Samstag 06.12. 13.30 - 17.30 Uhr, Freitag 12.12. 10.00 - 12.00 Uhr und 15.00 - 17.00 Uhr, Montag 15.12. 10.00 - 12.00 Uhr und 15.00 - 17.00 Uhr, Sonntag 21.12. 14.00 - 18.00 Uhr</p>",mail,PublicDomainPictures
38,Marzahn-Hellersdorf,Weihnachtsmarkt im EASTGATE Berlin,Marzahner Promenade 1 A,12679 Berlin,,,Mo-Do 10:00-20:00<br>Fr-Sa 10:00-21:00<br>07./21.12. 13:00-18:00<br>24.12. 10:00-14:00,,,,,,,,10:00-20:00,10:00-20:00,10:00-20:00,10:00-20:00,10:00-21:00,10:00-21:00,,10:00-20:00,10:00-20:00,10:00-20:00,10:00-20:00,10:00-21:00,10:00-21:00,13:00-18:00,10:00-20:00,10:00-20:00,10:00-20:00,10:00-20:00,10:00-21:00,10:00-21:00,,10:00-20:00,10:00-20:00,10:00-20:00,10:00-20:00,10:00-21:00,10:00-21:00,13:00-18:00,10:00-20:00,10:00-20:00,10:00-14:00,,,,,,,,,,,,,,ECE Projektmanagement GmbH & Co. KG,,,911 45 90,,911 45 91 11,info@eastgate-berlin.de,www.eastgate-berlin.de,,gewerblich,"<p>Erleben Sie im Glanz der Lichter ein wunderbares Weihnachtsprogramm.</p><p>Es duftet im EASTGATE nach Weihnachten – nach gebrannten Mandeln, Tannengrün, Schokoladenäpfeln, Pfefferkuchen, ""Armeen"" von Nussknackern marschieren auf, Berge aus rotbäckigen Äpfeln, Orangen und Mandarinen locken mit ihren verführerischen Düften. Die Weihnachtsbäcker zaubern mit lieblichsten Aromen: Nelken, Anis oder Kardamom lassen Weihnachten schon ganz nah sein. Freuen Sie sich auf eine einzigartige Erlebniswelt, die Ihre Herzen weit aufschließt. Und auf der großen Weihnachtsbühne wechseln sich Sänger, Musiker und Geschichtenerzähler täglich ab, um die Besucher des EASTGATE mit einem begeisternden Weihnachtsprogramm zu erfreuen.</p>",mail,PublicDomainPictures
36,Marzahn-Hellersdorf,Weihnachtsmarkt im Marktplatz Center Hellersdorf,Stendaler Str. 24,12627 Berlin,,,Mo-Sa 10:00-20:00<br>07./21.12. 13:00-18:00<br>24.12. 09:00-14:00,,,,,,,,10:00-20:00,10:00-20:00,10:00-20:00,10:00-20:00,10:00-20:00,10:00-20:00,,10:00-20:00,10:00-20:00,10:00-20:00,10:00-20:00,10:00-20:00,10:00-20:00,13:00-18:00,10:00-20:00,10:00-20:00,10:00-20:00,10:00-20:00,10:00-20:00,10:00-20:00,,10:00-20:00,10:00-20:00,10:00-20:00,10:00-20:00,10:00-20:00,10:00-20:00,13:00-18:00,10:00-20:00,10:00-20:00,09:00-14:00,,,,,,,,,,,,,,MEC METRO-ECE Centermanagement GmbH & Co. KG,,,99 28 84 – 0,,992 88 42 50,,www.marktplatzcenter.com,,gewerblich,"<p>Und wer „erst eins, dann zwei, dann drei, dann vier“ nicht mehr abwarten kann, kommt ins Marktplatz Center Hellersdorf und stimmt sich gemeinsam mit uns auf die Weihnachtszeit ein. Das Parken an den Verkaufsoffenen Sonntagen ist kostenlos. Außerdem gibt es unseren beliebten Einpackservice, der jedes Geschenk in besonderem Glanz erstrahlen lässt. Damit sie ganz unbeschwert einkaufen können, haben wir wie jedes Jahr unseren kostenfreien Garderobenservice für Sie.</p>",mail,Markplatz Center Hellersdorf
54,Mitte,Fabelhafte Weihnachten im Sony Center am Potsdamer Platz,Bellevuestr. 5,10785 Berlin,,,"Do, Fr, Sa 14:00-22:00",,,,,,,,,,,,,14:00-22:00,,,,,14:00-22:00,14:00-22:00,14:00-22:00,,,,,14:00-22:00,14:00-22:00,14:00-22:00,,,,,14:00-22:00,14:00-22:00,14:00-22:00,,,,,14:00-22:00,14:00-22:00,14:00-22:00,,,,,14:00-22:00,14:00-22:00,14:00-22:00,,,,Forum Event Management GmbH,,,25 75 16 05,,25 75 16 40,event.berlin@forum-event.de,www.sonycenter.de,,gewerblich,"<p>Abseits des alltäglichen Weihnachtstrubels gibt es zum Jahresende im Sony Center am Potsdamer Platz in diesem Jahr Neues zu erleben. Ein bezauberndes Fabelwesen-Ensemble wird nicht nur Kinderaugen zum Leuchten bringen. Die Zwillingselfen Klara und Kasia, die kleinste Elfe Laura sowie ihr Beschützer Arion fügen sich mit ihrem funkelnden Antlitz perfekt in das in Licht getauchte Forum ein.</p><p>Ein weiteres Highlight wird die tägliche Tanz-Show der geheimnisvollen Elfe Stella sein. Zu jeder vollen Stunde wird sie das Publikum mit ihrer Anmut verzaubern und das Sony Center glanzvoll erstrahlen lassen.</p><p>Inmitten der einmaligen Architektur schwebt direkt unter dem weltberühmten Dach eine überdimensional große Lichtinstallation aus tausenden saphirblauen und goldenen Glanzlichtern. Leuchtende Sterne an den Fassaden sowie Lichterketten in den Weihnachtstannen runden das stimmungsvolle Lichtkonzept ab. Liebevolle Details schaffen eine Atmosphäre, die zum Verweilen einlädt.</p><p>Neben dem visuellem Erlebnis und Entertainment kommt auch das leibliche Wohl selbstverständlich nicht zu kurz. In urig-gemütlichen Hütten werden zünftiges Essen, festliche Spezialitäten, köstliche Süßigkeiten und leckere Getränke geboten.</p>",mail,Forum Event Management GmbH 
50,Mitte,Wintertraum am ALEXA,Dircksenstraße zwischen Voltairestraße und Schicklerstraße,10179 Berlin,,,Mo-Fr 13:00-22:00<br>Sa-So 12:00-22:00,,,,,,,,13:00-22:00,13:00-22:00,13:00-22:00,13:00-22:00,13:00-22:00,12:00-22:00,12:00-22:00,13:00-22:00,13:00-22:00,13:00-22:00,13:00-22:00,13:00-22:00,12:00-22:00,12:00-22:00,13:00-22:00,13:00-22:00,13:00-22:00,13:00-22:00,13:00-22:00,12:00-22:00,12:00-22:00,13:00-22:00,13:00-22:00,13:00-22:00,13:00-22:00,13:00-22:00,12:00-22:00,12:00-22:00,13:00-22:00,13:00-22:00,13:00-22:00,13:00-22:00,13:00-22:00,12:00-22:00,12:00-22:00,,,,,,,,,,Charles Blume Vergnügungsbetriebe GmbH,27798 Hude,,04408/80 63 73,,04408/80 63 74,blume-service@t-online.de,www.blume-service.de,,gewerblich,"<p>Auch in diesem Jahr wird die Tradition des „Großen Berliner Weihnachtsmarktes“ hochleben. Der Anspruch, der spektakulärste Weihnachtsmarkt Deutschlands zu sein, wird auch 2014 durch neue imposante Fahrgeschäfte untermauert.</p><p>Der neue 90 Meter Freifall – Turm „Mega King Tower“ wird neben dem traditionellen Wahrzeichen des Weihnachtsmarktes, dem Riesenrad „Steiger“, die leuchtende Berliner Skyline in der Weihnachtszeit um ein weiteres Highlight ergänzen. Der höchste transportable Freifall – Turm der Welt kommt damit zum ersten Mal in die Hauptstadt und komplettiert das Duo der Superlative am ALEXA.</p><p>Ein besonderes Highlight in diesem Jahr ist das thematisierte Laufgeschäft „Chaos Airport“. Die Besucher dieser Attraktion haben hier die Möglichkeit zu erfahren was auch an einem fertig gebauten Flughafen alles schief gehen kann. Die Mitte Berlins ist für dieses Fahrgeschäft also ein ganz besonderer Platz.</p><p>Für das leibliche Wohl sorgen Speisen und Getränke, Gegrilltes und Herzhaftes in einer gemütlichen Atmosphäre für die ganze Familie z.B. in „Zenzis Stubn“ am offenen Kamin oder in „Rosis Weinstube“.</p>",ready,Charles Blume Vergnügungsbetrieb GmbH
52,Mitte,WeihnachtsZauber Gendarmenmarkt,Gendarmenmarkt,10117 Berlin,,,11:00-22:00<br>24.12. 11:00-18:00<br>25./26.12. 11:00-22:00<br>31.12. 11:00-18:00,,,,,,,,11:00-22:00,11:00-22:00,11:00-22:00,11:00-22:00,11:00-22:00,11:00-22:00,11:00-22:00,11:00-22:00,11:00-22:00,11:00-22:00,11:00-22:00,11:00-22:00,11:00-22:00,11:00-22:00,11:00-22:00,11:00-22:00,11:00-22:00,11:00-22:00,11:00-22:00,11:00-22:00,11:00-22:00,11:00-22:00,11:00-22:00,11:00-22:00,11:00-22:00,11:00-22:00,11:00-22:00,11:00-22:00,11:00-22:00,11:00-22:00,11:00-18:00,11:00-22:00,11:00-22:00,11:00-22:00,11:00-22:00,11:00-22:00,11:00-22:00,11:00-18:00,,,,,,,WeihnachtsZauber Gendarmenmarkt GmbH Helmut Russ und Gunda Kniep,,,20 91 26 32,0172/456 22 55,20 91 26 33,info@weihnachtsmarkt-berlin.de,www.weihnachtszauber-berlin.de,"Eintritt 1 €, Mo-Fr 11:00-14:00 Eintritt frei (außer am 24.12., 25.12., 26.12., 31.12.), Silvesterfeier 19:00-01:00, Eintritt 12 €",gewerblich,"<p>Weihnachten ist ein Fest für den Gaumen. Genießen Sie das vielfältige Angebot unserer beheizten Gastronomiezelte. „Weihnachtszauber Gendarmenmarkt“ – das ist eine einzigartige kulinarische Verführung in bezaubernder weihnachtlicher Atmosphäre!</p><p>Betrachten Sie internationale Handwerkskünstler bei ihrer Arbeit, bewundern Sie die schon fast vergessenen Künste einer Flachsstickerin, eines Holzschnitzers oder eines Hutmachers. Gehen Sie auf Entdeckungsreise und finden Sie das Besondere! „WeihnachtsZauber Gendarmenmarkt“ – das sind die außergewöhnlichen Geschenkideen – auch für den anspruchsvollsten Geschmack.</p><p>Akrobaten, Feuerkünstler, Chöre, Musik- und Tanzgruppen mit renommierten Künstlern begeistern alle Berliner und ihre internationalen Gäste mit einem kurzweiligen Weihnachtsprogramm im Hauptstadtformat: Musikalische Darbietungen und Aktionskunst auf dem Markt, Täglich ca. 17.45 Uhr das Weihnachtsquiz auf der Bühne, Vielseitiges internationales Musik-Showprogramm am Abend, und vieles mehr.</p>",ready,WeihnachtsZauber Gendarmenmarkt GmbH 
48,Mitte,7. Berliner Weihnachtszeit vor dem Roten Rathaus,Rathausstr. 15,10178 Berlin,,,Mo-Fr 12:00-22:00<br>Sa-So 11:00-22:00<br>25./26.12. 11:00-21:00,,,,,,,,12:00-22:00,12:00-22:00,12:00-22:00,12:00-22:00,12:00-22:00,11:00-22:00,11:00-22:00,12:00-22:00,12:00-22:00,12:00-22:00,12:00-22:00,12:00-22:00,11:00-22:00,11:00-22:00,12:00-22:00,12:00-22:00,12:00-22:00,12:00-22:00,12:00-22:00,11:00-22:00,11:00-22:00,12:00-22:00,12:00-22:00,12:00-22:00,12:00-22:00,12:00-22:00,11:00-22:00,11:00-22:00,12:00-22:00,12:00-22:00,,11:00-21:00,11:00-21:00,11:00-22:00,11:00-22:00,,,,,,,,,,Laubinger Veranstaltungsagentur,,,0163/481 48 40,,,info@laubinger.de,www.berlinerweihnachtszeit.de,,gewerblich,"<p>In den Gassen rund um den großen beleuchteten Weihnachtsbaum am Fuße des Roten Rathauses bieten Handwerker und Händler ihre Waren an. Es überraschen Berliner Originale wie der Eckensteher Nante, ein Drehorgelspieler und vieles mehr. Eine Kindereisenbahn fährt durch den romantischen Märchenwald und erfreut Klein und Groß. Die große Pyramide ist eine Originalanfertigung aus dem Erzgebirge und steht seit über 20 Jahren zur Weihnachtszeit in Berlin.</p><p>Die Eiswelt am Neptunbrunnen: Auf 600 qm lädt diese einzigartige runde Eisbahn Jung und Alt zum Schlittschuhlaufen ein. Aufwärmen kann man sich anschließend in einer der großen, beheizten Glühweinstuben rund um die Eisbahn.</p><p>Das weithin sichtbare Wahrzeichen der Berliner Weihnachtszeit ist das 50 m hohe Riesenrad, das höchste Berlins mit geschlossenen Panoramagondeln sowie 2 VIP - Gondeln. Von hier reicht der Blick bis zum Brandenburger Tor, Potsdamer Platz und sogar bis zum Funkturm.</p>",ready,Veranstaltungsagentur Laubinger
46,Mitte,Nostalgischer Weihnachtsmarkt am Schlossplatz,Schlossplatz 1,10178 Berlin,,,Mo-Do 12:00-21:30<br>Fr-Sa 11:00-22:30<br>So 11:00-21:30<br>25./26.12. 11:30-21:00,,,,,,,,12:00-21:30,12:00-21:30,12:00-21:30,12:00-21:30,11:00-22:30,11:00-22:30,11:00-21:30,12:00-21:30,12:00-21:30,12:00-21:30,12:00-21:30,11:00-22:30,11:00-22:30,11:00-21:30,12:00-21:30,12:00-21:30,12:00-21:30,12:00-21:30,11:00-22:30,11:00-22:30,11:00-21:30,12:00-21:30,12:00-21:30,12:00-21:30,12:00-21:30,11:00-22:30,11:00-22:30,11:00-21:30,12:00-21:30,12:00-21:30,,11:00-21:00,11:00-21:00,11:00-22:30,11:00-21:30,,,,,,,,,,Nostalgischer Weihnachtsmarkt,, Joseph Nieke,20 25 35 80,0151/15 10 92 20,,info@berliner-weihnacht.de,www.joseph-nieke.de,,gewerblich,"<p>Berlins stimmungsvollster Weihnachtsmarkt – dieses Jahr auf dem Schlossplatz!</p><p>Nach 22 Jahren rund um das Opernpalais am weltbekannten Boulevard Unter den Linden findet der „Nostalgische Weihnachtsmarkt“ in diesem Jahr auf dem Schlossplatz in unmittelbarer Nähe zum künftigen Humboldt-Forum vor dem ehemaligen DDR-Staatsratsgebäude statt.</p><p>Kunsthandwerker aus aller Welt präsentieren in Berlins historischer Mitte wieder hochwertige Geschenkideen und typisch-weihnachtliche Accessoires wie Krippenfiguren, Holzspielzeug, Christbaumschmuck, Schokoladen-Werkzeug, Weihnachtssterne, Räuchermännchen, Spieluhren, Pyramiden, Lammfellschuhe und Kerzen.</p><p>Heiße Maroni, gebrannte Mandeln, Winzer-Glühwein, Feuerzangenbowle, Lebkuchen und viele weitere typische Spezialitäten sorgen bei einem entspannten Marktrundgang für Gaumenfreuden.</p><p>Nostalgische Fahrgeschäfte, eine „lebendige“ Weihnachtskrippe und Märchenlesungen runden das schöne weihnachtliche Ambiente ab.</p>",ready,Gritt Ockert
64,Mitte,19. Berliner Umwelt- und Weihnachtsmarkt 2014,Sophienstraße in Mitte,10178 Berlin,,,Sa 12:00-20:00<br>So 11:00-19:00,,,,,,,,,,,,,12:00-20:00,11:00-19:00,,,,,,12:00-20:00,11:00-19:00,,,,,,12:00-20:00,11:00-19:00,,,,,,12:00-20:00,11:00-19:00,,,,,,,,,,,,,,,,,EVENTS - Ralf Bielefeldt,,,48 49 62 27,0177/688 22 45,32 51 98 53,post@weihnachtsmarkt-sophienstrasse.de,www.weihnachtsmarkt-sophienstrasse.de,,gewerblich,"<p>Direkt neben den Hackeschen Höfen in einer der ältesten Straßen Berlins bietet der Umwelt- und Weihnachtsmarkt nicht nur Glühwein und Bratwurst, sondern wartet auch mit einem außergewöhnlichen Angebot an zeitgenössischer Designer- und Künstlerware auf und hebt sich damit von den anderen Weihnachtsmärkten der Stadt angenehm ab. Das einmalige Konzept wurde sogar schon mit dem 1. Preis des Umweltwettbewerbs honoriert.</p><p>Der traditionelle Umwelt- und Weihnachtsmarkt, platziert im historischen Berliner Stadtkern, lockt seine Besucher seit 1995 mit seiner nostalgischen Atmosphäre. Es gibt eine Vielzahl an ungewöhnlichen Objekten und Weihnachtsgeschenken, welche man auf anderen Weihnachtsmärkten lange suchen kann. Von Naturwaren höchster Bio-Güte bis hin zu den verschiedensten Gegenständen aus fairem Handel. Hier findet jeder Besucher sein individuelles Geschenk. Auch ein ausgewogenes Angebot an Getränken und Speisen wird geboten. Neben den obligatorischen Klassikern wie zum Beispiel Crêpe, Bratwurst, Raclette, gerösteten Mandeln oder Glühwein finden die Besucher in diesem Jahr auch wieder Imbissangebote mit ausschließlich vegetarischen und veganen Gerichten.</p><p>Doch wieso heißt der Weihnachtsmarkt eigentlich auch „Umweltmarkt?“ „Wir verbrauchen wenig Energie, verzichten auf Fahrgeschäfte und sonstigen Schnick-Schnack, wir geben Berliner Start-Ups aus der Designerszene eine Plattform für deren kreativen Produkte und eine große Anzahl der 100 Händler produziert selbst, handelt fair und unterstützt Hilfsprojekte in ärmeren Ländern der Welt. Zudem bieten diverse Umweltorganisationen Informationen über deren Arbeit.</p><p>Auch das Rahmenprogramm kann sich sehen lassen. Arrangements des legendären Berliner Blechbläser Trios, Walkacts mit Phantasiefiguren auf Hochstelzen und feenhaft dahinschwebende Goldengel entzücken große und kleine Gäste. Auch ein Weihnachtsmann ist täglich vor Ort und verteilt gute Gaben an liebe Kinder und die, die es noch werden wollen. Der Turm der Sophienkirche wird samstags und sonntags eindrucksvoll illuminiert.</p>",ready,EVENTS-R. Bielefeldt
56,Mitte,Adventsbasar,"vor und in der Heilandskirche Moabit, Thusnelda-Allee 1",10555 Berlin,,,10:00-15:00,,,,,,,,,,,,,10:00-15:00,,,,,,,,,,,,,,,,,,,,,,,,,,,,,,,,,,,,,,,Ev. Kirchengemeinde Moabit West,"Thusnelda-Allee 1, 10555 Berlin-Moabit",,30 30 69 88 – 0,,30 30 69 88 - 2,thusnelda1@kgmoabit-west.de,www.kgmoabit-west.de,,gemeinnützig,"<p>Am Samstag findet unser Adventsbasar vor und in der Heilandskirche zugunsten für „Brot für die Welt“ und für die Heilandskirche statt. Es gibt einen Vorweihnachtlicher Markt mit Musikprogramm (Orgel-, Chor- u. Bläsermusik). Für Kinderbetreuung und das leibliche Wohl ist gesorgt.</p><p>Eintritt frei – Spenden erbeten</p><p>Abschluss-Andacht um 15.00 Uhr</p>",mail,condesign
66,Mitte,Weihnachtsmarkt zwischen Hauptbahnhof und Kanzleramt,Washingtonplatz vor dem Hauptbahnhof,10557 Berlin,,,14:00-22:00,,,,,,,,14:00-22:00,14:00-22:00,14:00-22:00,14:00-22:00,14:00-22:00,14:00-22:00,14:00-22:00,14:00-22:00,14:00-22:00,14:00-22:00,14:00-22:00,14:00-22:00,14:00-22:00,14:00-22:00,14:00-22:00,14:00-22:00,14:00-22:00,14:00-22:00,14:00-22:00,14:00-22:00,14:00-22:00,14:00-22:00,14:00-22:00,14:00-22:00,14:00-22:00,14:00-22:00,14:00-22:00,14:00-22:00,,,,,,,,,,,,,,,,,Acksteiner Events,,,28 48 78 30,,28 48 78 31,info@acksteinerevents.de,www.acksteinerevents.de,,gewerblich,"<p>Design und Genuss am Hauptbahnhof</p><p>Auf dem Washingtonplatz zwischen Hauptbahnhof und Kanzleramt wird es in diesem Jahr zum ersten Mal richtig weihnachtlich. Und das mit besonderen Angeboten. Die „üblichen Mitbringsel“ eines Weihnachtsmarktes werden ergänzt durch Designerangebote, internationale Spezialitäten und durch besondere Weihnachtsgeschenke.</p><p>Es sind Geschenke zum Fest für Freunde und Familie aus Designerläden, Handwerksbetrieben und von Bio-Anbietern. Dazu Glühwein, kandierte Früchte und Crêpes.</p><p>Zur weihnachtlichen Stimmung tragen auch 25 Chöre mit nationaler und internationaler Weihnachtsmusik bei – eine Zusammenarbeit mit dem Chorverband Berlin. Die Auftrittszeiten sind um 18:00 und 19:00 Uhr sowie an den Advents-Sonntagen zusätzlich auch 16:00 und 17:00 Uhr.</p>",ready,Deutsche Bahn AG
70,Neukölln,Nordische Märchenweihnacht - Weihnachtsmarkt auf dem Gutshof des Schlosses Britz,Alt-Britz 73,12359 Berlin,,,Fr 14:00-21:00<br>Sa 11:00-21:00<br>So 11:00-21:00,,,,,,,,,,,,,,,,,,,,,,,,,,14:00-21:00,11:00-21:00,11:00-21:00,,,,,14:00-21:00,11:00-21:00,11:00-21:00,,,,,,,,,,,,,,,,,Kulturstiftung Schloss Britz,,,60 97 92 30,,609 79 23 39,info@schlossbritz.de,www.schlossbritz.de,"Eintritt 3 €, ermäßigt 2 €, Kinder unter 6 Jahren und Anwohner frei",gewerblich,"<p>Auf dem Gutshof gibt es über 40 weihnachtliche Stände und viele Aktionen zu erleben, wie z.B. Fahrten mit Schlittenhunden, Ponyreiten, eine Greifvogelschau, Bogen- und Armbrustschießen, ein hölzernes Wasserrad mit einer Glückstalerschmiede, große eindrucksvolle Wikingerboote zum Erklettern, hölzerne Katapulte und Isenbartens Märchenzelt der Künstlergruppe Buochenhain. Premiere erleben die neugebaute Trolleisenbahn und eine Zwergenschmiede.</p><p>Die Märchenweihnacht wird von den Künstlern des Wandertheaters Cocolorus Budenzauber organisiert, dekoriert und bespielt und das verspricht neben den sonst üblichen „Glühwein- und Schlemmerangeboten“ vor allem ein niveauvolles herzerwärmendes und liebevoll handgemachtes Programm auf dem historischen Weihnachtsmarkt. So mischen sich eine wunderschöne (und bei Cocolorus natürlich liebenswerte) Schneekönigin mit ihren lustigen Trollen und die Frau Holle unter das Volk und laden Jung und Alt zum weihnachtlichen non-stop Programm auf der märchenhaften Bühne des Wandertheaters ein. </p><p>Es werden die Theaterstücke „Der Rattenfänger“, „Der Teufel und die gestohlenen Pfannkuchen“, „Die Sternentaler“ , „Hans im Glück“ und „Der Fischer und seine Frau“ aufgeführt und beim „Winterreigen“ und der „Wichtelwerkstatt“ gibt es viel Spaß, Tanz und Akrobatik in winterlichen Kostümen. Weihnachtliche Musik wird von Cocolorus Diaboli und von Kindern des Wandertheaters vorgetragen. Mit dabei sind auch die Gaukler von Max und Moritz im Quadrat mit ihren akrobatischen Späßen und einer fulminanten Feuershow.</p><p>Auch für das leibliche Wohl ist reichlich gesorgt und auf dem Weihnachtsmarkt findet man viele Leckereien wie z.B. gebackene Mandeln, Apfelkrapfen, Crepes, Wildspezialitäten, Langos, Knoblauchbrot, Fladen, Spieße, gegrilltes Feuerfleisch, Glühwein, mittelalterlichen Gewürzwein, Feuerzangenbowle, heißen Kirschwein, Quitten-Met und den skandinavischen Glühpunsch Glögi – hier ein Mix selbstgemachter nordischer Obstweine mit frisch gepresstem Mispelsaft und dem Saft der sehr vitaminreichen Cidoquitte, der „nordischen Zitrone“.</p><p>Das Weihnachtspektakel ist am Freitag von 14 -21 Uhr und am Samstag und Sontag von 11-21 Uhr geöffnet und wird jeden Abend mit dem Highlight „Araga Mysteria“, der eindrucksvollen Feuershow des Wandertheaters ausklingen.</p>",ready,Cocolorus Diaboli
74,Neukölln,Adventsmarkt an der Britzer Dorfkirche ,Backbergstr. 38 ,12359 Berlin,,,11:00-18:00,,,,,,,,,,,,,,11:00-18:00,,,,,,,,,,,,,,,,,,,,,,,,,,,,,,,,,,,,,,Ev. Dorfkirchengemeinde Berlin-Britz,,,606 29 12,,63 41 39 00,dorfkirchebritz@t-online.de,www.dorfkirchebritz.de,,gemeinnützig,"<p>Am 30. November feiern wir wieder in der Ev. Dorfkirchengemeinde Britz unseren Adventsmarkt.</p><p>Alle sind herzlich eingeladen um 10 Uhr in der Kirche die ersten Adventslieder im Gottesdienst zu singen, gemeinsam zu beten und nach dem Gottesdienst ab 11 Uhr den romantischen Adventsmarkt rund um die Dorfkirche zu besuchen, oder sich im Gemeindegarten an vorweihnachtlichen Genüssen zu laben.</p><p>Um 15 Uhr gibt es in der Kirche für kleine und auch große Kinder das Puppentheater von Martin Lenz mit dem Märchen ""König Drosselbart"" und wunderbarer musikalischer Untermalung. Im Gemeindehaus gibt es eine Nähstube für Kinder.</p><p>Um 18 Uhr endet unser Britzer Adventsmarkt mit einer kurzen Abendandacht.</p>",ready,Dorfkirchengemeinde Berlin-Britz
78,Neukölln,Weihnachten im Körnerpark,Körnerpark,12051 Berlin,,,14:00-18:00,,,,,,,,,,,,,,,,,,,,,,,,,,,14:00-18:00,,,,,,,,,,,,,,,,,,,,,,,,,"QM, Körnerpark","Emser Str. 15, 12051 Berlin",,62 98 87 90,,629 88 79 10,team@qm-koernerpark.de,www.qm-koernerpark.de,,gemeinnützig,"<p>Das diesjährige Weihnachtliche Kiezfest im Körnerpark findet am Samstag, den 13. Dezember in der Zeit von 15:00-18:00 Uhr statt. Viele Stände werden von Schulen, Vereinen und Aktiven aus dem Quartier organisiert, so dass wir einen bunten, multikulturellen Markt erleben können. Die Tombola-Päckchen werden gerade verschnürt. Die offizielle Eröffnung erfolgt um 16:00 Uhr. Auf der Bühne werden u.a. die Bläsergruppe der Albrecht-Dürer-Oberschule und die Nogat-Singers präsent sein, genauso wie Folkmusik und die Trommelgruppe aus dem Nachbarschaftsheim Neukölln.</p><p>Im Umfeld des historischen Körnerparks können wir zwar keinen Schnee versprechen, dafür jedoch weihnachtliche Illuminationen, einen großen, geschmückten Weihnachtsbaum und ein breites kunsthandwerkliches und kulinarisches Angebot mit vielen Überraschungen. Für Groß und Klein gehören natürlich auch der Weihnachtsmann und eine Tombola mit zum Programm.</p><p>Alle sind herzlich eingeladen, gemeinsam im Körnerkiez zu feiern.</p>",ready,Multikultureller NachbarschaftsGarten Neukölln e.V.
72,Neukölln,Adventsbasar in Neu-Buckow,Marienfelder Chaussee 66-72,12349 Berlin,,,13:00-18:00,,,,,,,,,,,,,13:00-18:00,,,,,,,,,,,,,,,,,,,,,,,,,,,,,,,,,,,,,,,Evangelische Kirchengemeinde Neu-Buckow,,,74 20 08 21,,,buero@neu-buckow.de,,,gemeinnützig,<p>Wir laden Sie zu unseren Adventsbasar der evangelischen Kirchengemeinde Neu-Buckow ein.</p>,mail,PublicDomainPictures
76,Neukölln,Alt-Rixdorfer Weihnachtsmarkt,Richardplatz,12055 Berlin,,,Fr 17:00-21:00<br>Sa 14:00-21:00<br>So 14:00-20:00,,,,,,,,,,,,,,,,,,,17:00-21:00,14:00-21:00,14:00-20:00,,,,,,,,,,,,,,,,,,,,,,,,,,,,,,,BA Neukölln,,Christian Bärmann,902 39 25 53,,902 39 34 70,,www.berlin.de/ba-neukoelln/org/arw/arw.index.html,,gemeinnützig,"<p>Am Freitag, 5. Dezember 2014 um 17.00 Uhr wird der traditionelle Alt-Rixdorfer Weihnachtsmarkt rund um den Richardplatz vom Neuköllner Bezirksbürgermeister Heinz Buschkowsky eröffnet.</p><p>Im sanften Schein von zahllosen Petroleumlampen und mit Lichterketten üppig geschmückten Bäumen bieten über 140 karitative Verbände, Gruppen und Vereine selbstgemachte Kleinigkeiten, schönes Kunsthandwerk und liebevoll Gebasteltes für die zahlreichen Besucher. Für das leibliche Wohl ist ebenfalls gesorgt.</p><p>Wer zur rechten Zeit da ist, trifft die Drei Weisen aus dem Morgenland, die mit ihren Kamelen angereist sind und viele Engel und den Weihnachtsmann mitgebracht haben oder kann die Hexe Abraxa in ihrem Häuschen an der Schmiede besuchen.</p><p>Auf dem Rixdorfer Weihnachtsmarkt werden wie jedes Jahr nur Waren von gemeinnützigen Organisationen feilgeboten. Gerade das macht sein Berlinweit einzigartiges Flair für die Besucher aus.</p>",ready,Bezirksamt Neukölln
90,Pankow,Nikolausmarkt auf dem Kinderbauernhof Pinkepanke,"Am Bürgerpark 15-18, S-Bhf. Wollankstraße ",13156 Berlin,,,14:00-18:00,,,,,,,,,,,,,,,,,,,,14:00-18:00,,,,,,,,,,,,,,,,,,,,,,,,,,,,,,,,,,Rose,0177/464 16 75,,,,,,gemeinnützig,<p>Der Nikolausmarkt ist eine Benefizverantstaltung für den Kinderbauernhof. Bringt bitte etwas Geld mit!</p><p>Basteln - Spielen - Leckereien - Geschenke zum Fest</p>,mail,Kinderbauernhof Pinke-Panke
80,Pankow,Weihnachtsmarkt Schönhauser Allee Arcaden,Schönhauser Allee 78-80,10439 Berlin,,,Mo-Sa 10:00-21:00<br>07./21.12. 13:00-18:00<br>24.12. 10:00-14:00,,,,,,,,10:00-21:00,10:00-21:00,10:00-21:00,10:00-21:00,10:00-21:00,10:00-21:00,,10:00-21:00,10:00-21:00,10:00-21:00,10:00-21:00,10:00-21:00,10:00-21:00,13:00-18:00,10:00-21:00,10:00-21:00,10:00-21:00,10:00-21:00,10:00-21:00,10:00-21:00,,10:00-21:00,10:00-21:00,10:00-21:00,10:00-21:00,10:00-21:00,10:00-21:00,13:00-18:00,10:00-21:00,10:00-21:00,10:00-14:00,,,,,,,,,,,,,,,,Center-Management,44 71 17 11,,,mfi.berlin@mfi.eu,www.schoenhauser-allee-arcaden.de,,gewerblich,Vielen Dank für Ihr freundliches Angebot. Unser Weihnachtsmarkt besteht nur aus 2 Hütten. Wir möchten daher in Ihrer App für Weihnachtsmärkte nicht erscheinen.,hide,
88,Pankow,Adventsökomarkt und Ökomarkt der GRÜNEN LIGA am Kollwitzplatz,Wörther Straße / Kollwitz- bis Knaackstraße,10405 Berlin,,,12:00-19:00,,,,,,,,,,,,,,12:00-19:00,,,,,,,12:00-19:00,,,,,,,12:00-19:00,,,,,,,12:00-19:00,,,,,,,,,,,,,,,,,E. Westphal/GRÜNE LIGA BERLIN e. V.,"Prenzlauer Allee 8, 10405 Berlin",,44 33 91 48,,44 33 91 33,oekomarkt.kollwitzplatz@grueneliga.de,www.grueneliga-berlin.de,,gewerblich,"<p>An allen vier Adventssonntagen von 12 bis 19 Uhr bietet der Adventsökomarkt der GRÜNEN LIGA Berlin am Kollwitzplatz in Berlin Prenzlauer Berg eine entspannte und stimmungsvolle Alternative zum hektischen Trubel der herkömmlichen Weihnachtsmärkte.</p><p>Warum das Weihnachtfest nicht mal ökologisch und fair feiern? Alles, was man dafür braucht, gibt es auf dem Adventsökomarkt. Angenehme und köstliche Düfte erfreuen die Nase. Von Rohkost bis Bratwurst ist für jeden Geschmack etwas Leckeres dabei. Neben veganem und glutenfreiem Backwerk, auch für Allergiker und empfindliche Menschen, werden unter anderem fantastische Lehmofenpizzen, köstliche Crêpes, süße Dinkelwaffeln und herzhaftes Dal angeboten. Zum Aufwärmen gibt es natürlich auch Glühwein und andere warme Getränke, wie Kaffee und Teespezialitäten.</p><p>Neben den zahlreichen Köstlichkeiten laden biologische, ökologische, fair gehandelte und handgefertigte Produkte zu einem Weihnachtsbummel der etwas anderen Art ein: von Kunsthandwerk über upgecycelte Unikate, antiquarische und neue Bücher, Papeterie bis hin zu Kleidung und Schmuck. Außerdem kann man sich an Informationsständen beispielsweise zum Wechsel auf Ökostrom beraten lassen.</p><p>Auch die kleinen Gäste kommen auf ihre Kosten. Die GRÜNE LIGA Berlin stellt ein handbetriebenes Kinderkarussell und eine Reitschule aus Holz bereit. Hier können sich Groß und Klein vergnügen. Nach so viel Trubel können sich die Gäste am Schwedenfeuer und in kleinen, gemütlichen Zelten aufwärmen und bei Speis und Trank zur Ruhe kommen.</p>",mail,GRÜNE LIGA Berlin
94,Reinickendorf,Weihnachtsmarkt in den Hallen Am Borsigturm,"Am Borsigturm 2, Einkaufscenter",13507 Berlin ,,,Mo-Sa 10:00-20:00<br>07./21.12. 13:00-18:00<br>24.12. 10:00-14:00,,,,,,,,10:00-20:00,10:00-20:00,10:00-20:00,10:00-20:00,10:00-20:00,10:00-20:00,,10:00-20:00,10:00-20:00,10:00-20:00,10:00-20:00,10:00-20:00,10:00-20:00,13:00-18:00,10:00-20:00,10:00-20:00,10:00-20:00,10:00-20:00,10:00-20:00,10:00-20:00,,10:00-20:00,10:00-20:00,10:00-20:00,10:00-20:00,10:00-20:00,10:00-20:00,13:00-18:00,10:00-20:00,10:00-20:00,10:00-14:00,,,,,,,,,,,,,,Werbegemeinschaft Hallen am Borsigturm,,Center Manager: Herr Wilhelm,72 62 66 00,,,info@hallenamborsigturm.de,www.hallenamborsigturm.de,,gewerblich,"<p>Der Weihnachtsmarkt in den Hallen am Borsigturm findet zum Großteil im Einkaufscenter statt. Vor dem Center befindet sich ein Außenmarkt und ein Verkaufsplatz für Rotfichten, Nordmanntannen und Co vom Tannenmann.</p>",mail,Hallen Am Borsigturm
92,Reinickendorf,Weihnachtsaktion und Himmelsbäckerei,am Kurt-Schumacher-Platz,13405 Berlin,,,Mo-Sa 10:00-20:00<br>07./21.12. 13:00-18:00<br>24.12. 10:00-14:00                    ,10:00-20:00,10:00-20:00,10:00-20:00,10:00-20:00,10:00-20:00,10:00-20:00,,10:00-20:00,10:00-20:00,10:00-20:00,10:00-20:00,10:00-20:00,10:00-20:00,,10:00-20:00,10:00-20:00,10:00-20:00,10:00-20:00,10:00-20:00,10:00-20:00,13:00-18:00,10:00-20:00,10:00-20:00,10:00-20:00,10:00-20:00,10:00-20:00,10:00-20:00,,10:00-20:00,10:00-20:00,10:00-20:00,10:00-20:00,10:00-20:00,10:00-20:00,13:00-18:00,10:00-20:00,10:00-20:00,10:00-14:00,,,,,,,,,,,,,,"Einkaufszentrums ""Der Clou""",,Center-Management,49 87 20 96,,495 27 63,info@derclouberlin.de,www.derclouberlin.de,,gewerblich,"<p>Alle Jahre wieder, weihnachtet es auch im Einkaufszentrum „Der Clou“ am Kurt-Schumacher-Platz in Berlin-Reinickendorf</p><p>Wir stimmen unsere Kunden und Besucher mit unserer festlichen Weihnachtsdekoration auf das Weihnachtsfest ein. Die Beleuchtung der Weihnachtsdekoration und der Straßenbäume auf dem Kurt-Schumacher-Platz wird nach dem Totensonntag, am 24.11.2014, in Betrieb genommen.</p><p>In unserer Himmelsbäckerei können Kinder unter der Anleitung einer erfahrenen, „engelsgleichen“ Himmelsbäckermeisterin Plätzchen backen. „Nach getaner Arbeit“ erhält jedes Kind eine Tüte mit den selbst gebackenen Plätzchen. Die Teilnahme an der Himmelsbäckerei ist kostenlos. Einige Termine, besonders für 16:00 Uhr bzw. 17:00 Uhr, sind noch frei. Anmeldungen werden im Büro des Center-Managements (Telefon 030/495 70 58) entgegen genommen. Vom 01.12. – 19.12.2014 wird montags – freitags, jeweils um 10:00 Uhr, 11:00 Uhr, 16:00 und 17:00 Uhr, gebacken.</p>",ready,"Einkaufszentrum ""Der Clou"""
96,Reinickendorf,Adventsmarkt der Evangelischen Kirchengemeinde Alt-Wittenau,Dorfaue,13437 Berlin,,,14:00-17:30,,,,,,,,,,,,,14:00-17:30,,,,,,,,,,,,,,,,,,,,,,,,,,,,,,,,,,,,,,,Evangelische Kirchengemeinde Alt-Wittenau,Gemeindebüro: Alt-Wittenau 29,,43 72 12 62,,43 72 12 66,,,,gemeinnützig,"<p>Hier können Sie Essbares, Lesbares, Nützliches und Schönes erwerben. In der Kirche und in allen Räumen auf dem Gelände des Gemeindehauses, Alt-Wittenau 64 und auf der Dorfaue werden verschiedene Aktivitäten angeboten.</p><p>In der Dorfkirche: Bläser, Adventsmusik. Im Gemeindehaus: Kaffee und Kuchen. Und im Pavillon: Basteln und Spielen.</p><p>Der Erlös des Weihnachtsmarktes ist für die Aktion „Brot für die Welt“ bestimmt.</p>",mail,Hans
98,Reinickendorf,Weihnachtsmarkt vor der Johanneskirche Frohnau,Zeltinger Platz 18,13465 Berlin,,,14:00-18:00,,,,,,,,,,,,,,14:00-18:00,,,,,,,,,,,,,,,,,,,,,,,,,,,,,,,,,,,,,,Johanneskirche Frohnau,,,401 20 33,,401 20 79,post@ekg-frohnau.de,www.ekg-frohnau.de,,gemeinnützig,<p>Wir laden Sie herzlichst zum Weihnachtsmarkt vor der Johanneskirche Frohnau am 1. Advent ein.</p>,mail,Gellinger
106,Spandau,Sozialer Weihnachtsmarkt von Goldnetz,Földerichplatz,13595 Berlin,,,14:00-20:00,,,,,,,,,,,,,,,,,,,,14:00-20:00,,,,,,,,,,,,,,,,,,,,,,,,,,,,,,,,Goldnetz gGmbH,,,28 88 37 77,,28 88 37 35,spenden@goldnetz-berlin.de,www.goldnetz-berlin.de,,gemeinnützig,"<p>""Geschenke für alle!"" ist das Motto des 9. großen Weihnachtsmarktes vom Goldnetz Sozialmarkt Berlin. Um 14 Uhr eröffnen Bezirksstadtrat für Soziales und Gesundheit Frank Bewig gemeinsam mit Gisela Pfeifer-Mellar, Geschäftsführerin von Goldnetz gGmbH, unseren Weihnachtsmarkt 2014.</p><p>Alle Jahre wieder ist es uns eine Herzensangelegenheit, Menschen mit geringem Einkommen zu Weihnachten einen gabenreichen Tisch zu decken. Dazu laden wir Sie auf unseren Weihnachtsmarkt auf dem Földerichplatz, Spandau, ganz herzlich ein.</p><p>Freuen Sie sich auf ein buntes Bühnenprogramm mit Musik von Weldvox, Kies und Schotter, dem Posaunenchor der Matthias-Claudius-Gemeinde, Parker’s Pack und Garet Cosmo. Es gibt auch eine spannende Tombola, dabei es nur Gewinne gibt! Auch für leckere Speisen und Getränke wird gesorgt sein und unsere kleinen Gäste dürfen sich vom Nikolaus überraschen lassen.</p><p>Wir freuen uns auf Sie!</p><p>Der Markt macht’s… unsere Märkte richten sich an alle, die monatlich über weniger als 900,- € Nettoeinkommen verfügen. Nachzuweisen bitte unter Vorlage des „Berlinpass“, ALG I/II-, Renten-, BAFÖG-Bescheid oder einer Verdienstbescheinigung. Diese Unterlagen gelten in Verbindung mit dem Personalausweis.</p>",ready,Goldnetz gGmbH
108,Spandau,27. Kladower Christkindlmarkt,Imchenplatz,14089 Berlin,,,12:00-19:00,,,,,,,,,,,,,,,,,,,,12:00-19:00,12:00-19:00,,,,,,,,,,,,,,,,,,,,,,,,,,,,,,,Cladower Dorf Union e. V.,,,331 23 22,,,,www.kladower-christkindlmarkt.de,,gemeinnützig,"<p>Auf dem Kladower Christkindlmarkt gibt es ein abwechslungsreiches Bühnenprogramm für und mit Groß und Klein. Den größten Anteil aber nimmt weihnachtliche Musik von Kindern für Kinder im Programm ein. Der Kladower Christkindlmarkt findet große Unterstützung durch das ortsansässige Gewerbe und viele Bürger. Diese spenden attraktive Gewinne für unsere Tombola.</p><p>Der Weihnachtsmann mit seinen Engeln darf natürlich auch nicht fehlen. Mit einem großen Sack voller kleiner Geschenke ziehen sie zur Freude der Kinder an beiden Tagen über den Markt. Für das leibliche Wohl ist natürlich auch durch die Arbeit vieler ehrenamtlicher Helfer gesorgt, in Form von Glühwein, nichtalkoholischen Getränken, Bier, Lumumba, Kaffee, Kuchen, Waffeln, Bratwurst, Steak, Pilzpfanne und Erbsensuppe. Dies natürlich zu angemessenen Preisen, damit bei einem Besuch mit der Familie jeder satt vom Platz geht.</p><p>Sie suchen nach einem Weihnachtsgeschenk? Dann gehen Sie doch die bekannte Runde. Dort finden Sie an einem der zahlreichen kunstgewerblichen Stände bestimmt etwas Schönes.</p>",mail,Kladower Christkindlmarkt
104,Spandau,Weihnachtsmarkt im Evangelischen Johannesstift,Schönwalder Allee 26,13587 Berlin,,,10:30-18:00,,,,,,,,,,,,,,10:30-18:00,,,,,,,,,,,,,,,,,,,,,,,,,,,,,,,,,,,,,,Evangelisches Johannesstift,,,33 60 96 70,,33 60 95 06,info@Evangelisches-Johannesstift.de,www.evangelisches-johannesstift.de,,gemeinnützig,"<p>Am 1. Advent, lädt das Evangelische Johannesstift von 12 bis 18 Uhr zu seinem traditionellen Weihnachtsmarkt ein. Bläsergruppen und besinnliche Veranstaltungen stimmen die Besucherinnen und Besucher auf die Vorweihnachtszeit ein. Für Kinder gibt es neben der beliebten Rundfahrt mit der Stiftseisenbahn „Hans Dampf“, Weihnachtszauberei und eine Weihnachtsbäckerei. In beleuchteten Zelten werden christliche Traditionen der Weihnachtszeit ausgestellt.</p><p>Auf dem Budenmarkt rund um die Stiftskirche können Besucherinnen und Besucher die vorweihnachtliche Atmosphäre genießen, Weihnachtsgeschenke kaufen und sich von den zahlreichen kulinarischen Leckereien verwöhnen lassen.</p><p>In der Weihnachtsstadt im großen Festsaal bieten Bewohnerinnen und Bewohner sowie Mitarbeiterinnen und Mitarbeiter kreative Geschenkideen an, von Kunstgewerbe bis zur Bastelarbeit.</p><p>Das Evangelische Johannesstift befindet sich in der Schönwalder Allee 26 in 13587 Berlin Spandau. Direkt vor der Tür hält der Bus M45 an der Haltestelle Johannesstift.</p>",mail,Evangelischen Johannesstift
100,Spandau,41. Traditioneller Spandauer Weihnachtsmarkt,Spandauer Altstadt,13597 Berlin,,,So-Do 11:00-20:00<br>Fr 11:00-21:00<br>Sa 11:00-22:00,,,,,,,,11:00-20:00,11:00-20:00,11:00-20:00,11:00-20:00,11:00-21:00,11:00-22:00,11:00-20:00,11:00-20:00,11:00-20:00,11:00-20:00,11:00-20:00,11:00-21:00,11:00-22:00,11:00-20:00,11:00-20:00,11:00-20:00,11:00-20:00,11:00-20:00,11:00-21:00,11:00-22:00,11:00-20:00,11:00-20:00,11:00-20:00,11:00-20:00,11:00-20:00,11:00-21:00,11:00-22:00,11:00-20:00,11:00-20:00,11:00-20:00,,,,,,,,,,,,,,,Partner für Spandau Gesellschaft für Bezirksmarketing mbH,,Herr Dettmann,36 75 72 61,,35 30 23 32,info@partner-fuer-spandau.de,www.spandauer-weihnachtsmarkt.de,,gewerblich,"<p>Die Welt ist in Berlin-Spandau zu Gast</p><p>Neben mehreren Kaufhäusern und über 150 Einzelhandelsgeschäften sind es natürlich die Weihnachtshäuser und –stände mit Waren aus aller Welt, die die Vielfarbigkeit des Spandauer Weihnachtsmarktes ausmachen.</p><p>Das kunsthandwerkliche Sortiment liest sich fast wie ein vorweihnachtlicher Wunschzettel: ob Silberschmuck aus Nordafrika und dem nahen Osten,  ukrainische Weihnachtsbaumkugeln oder Schnitzwerk aus Südeuropa – vieles, was im besten Sinne des Wortes in kreativen Händen entsteht, kann man hier anschauen und selbstverständlich auch kaufen. Aus prächtiger Alpacawolle gefertigte Kindertextilien gehören genauso zum Marktbild wie Schmuck einer kroatischen Designschule oder die fein ziselierten Glasgravuren eines türkischen Handwerksmeisters, Schnitzereien aus mediterranem Olivenholz oder baltische Malereien auf über 300 Jahre altem Holz. Hier bekommt man die Weihnachtsbaumkugel mit individueller Glasbemalung oder nach dem Matrjoschka-Prinzip aus Holz: als besonders interessantes Versteck für Miniaturpräsente!</p><p>Afrikanisches Essen sollte man genau so intensiv verkosten wie die von einem russischen Szene-Gastronomen kredenzten Speisen. Skandinavischer Flammlachs und vor Ort geröstete italienische Maroni konkurrieren mit den Süßigkeiten einer polnischen Bonbonmanufaktur oder den berühmten ungarischen Langos-Variationen.</p>",ready,Partner für Spandau
102,Spandau,44. Spandauer Weihnachtstraum,vor dem Rathaus Spandau,13597 Berlin,,,"Mo-Do 11:00-21:00<br>Fr, Sa 11:00-22:00<br>So 10:00-21:00",,,,,,,,,,11:00-21:00,11:00-21:00,11:00-22:00,11:00-22:00,10:00-21:00,11:00-21:00,11:00-21:00,11:00-21:00,11:00-21:00,11:00-22:00,11:00-22:00,10:00-21:00,11:00-21:00,11:00-21:00,11:00-21:00,11:00-21:00,11:00-22:00,11:00-22:00,10:00-21:00,11:00-21:00,11:00-21:00,11:00-21:00,11:00-21:00,11:00-22:00,11:00-22:00,10:00-21:00,11:00-21:00,11:00-21:00,,11:00-21:00,11:00-22:00,11:00-22:00,10:00-21:00,,,,,,,,,,"Wollenschlaeger, Thilo-Harry",,,0163/400 05 00,03322/428 82 45,03322/423 41 39,info@wollenschlaeger-berlin.de,www.wollenschlaeger-berlin.de,,gewerblich,"<p>Mit dem Anschnitt des längsten Weihnachtsstollen Berlins durch Helmut Kleebank, dem Bürgermeister von Spandau, wird der „Spandauer Weihnachtstraum“ am 26. November 2014 eröffnet. Der Verkaufserlös aus jedem Stück Stollen, der in Berlins ältester Bäckerei, der Familienbäckerei Rösler, hergestellt wurde, kommt der Kunstwerkstatt der „Herberge zur Heimat“ in Spandau zugute, die „hilfsbedürftigen Menschen mit Kunst und Kultur einen Weg zurück ins Leben eröffnen will“, wie Bezirksbürgermeister Kleebank betont.</p><p>Beim Baumschmück-Wettbewerb unter der Schirmherrschaft von Bezirksstadtrat Gerhard Hanke wetteifern Schüler um den am schönsten dekorierten Weihnachtsbaum. Das Deko-Material spendet das Kaufhaus Karstadt. Und der Wirtschaftshof Spandau präsentiert den überdimensionalen Adventskalender, bei dem es täglich etwas zu gewinnen gibt. Gewinnen können die Besucher vom „Spandauer Weihnachtstraum“ auch bei der Doppelstock-Verlosung vom „Jolly Joker“.</p><p>„Jolly“, also lustig, geht es zudem in der „Time Factory“ zu, und der sprechende Elch oder das historische Kinderkarussell werden den kleinen Besuchern viel Freude bereiten. Weitere Attraktionen beim „Spandauer Weihnachtstraum“ sind die Glühwein-Pyramide und die Original-Feuerzangenbowle, wie sie einst im gleichnamigen Film mit Heinz Rühmann zubereitet wurde.<p>Am Ende eines langen und beschwingten Besuchs beim romantischen und zugleich unterhaltsamen „Spandauer Weihnachtstraum“ wartet dann der Nachtwächter auf die Besucher. Zu vorgerückter Stunde schreitet er mit seiner Laterne über den Weihnachtsmarkt und erzählt Geschichten, wie sie sich einst hier oder andernorts zugetragen haben. Vielleicht wird er auch an dem einen oder anderen Stand, im Gespräch mit dem einen oder anderen Besucher viele Geschichten entdecken, die er zu neuen, spannenden Anekdoten in der Weihnachtszeit verknüpft.</p>",ready,PublicDomainPictures
120,Steglitz-Zehlendorf,Weihnachtsmarkt auf dem Ferdinandmarkt,Ferdinandstr. 34-35,12209 Berlin,,,11:00-19:00,,,,,,,,,,,,,,11:00-19:00,,,,,,,,,,,,,,,,,,,,,,,,,,,,,,,,,,,,,,Müller-Degenhardt & Degenhardt Marktstandvermietung GbR,,,824 20 45,,824 20 47,info@gv-degenhardt.de,www.gv-degenhardt.de,,gewerblich,"<p>Alljährlich findet am ersten Adventssonntag ein stimmungsvoller Weihnachtsmarkt unter dem großen Dach des Ferdinandmarktes statt.</p><p>An zahlreichen Ständen bieten Unternehmen, Handwerksbetriebe oder private Hobbykünstler aus unserem Bezirk ihre Waren an festlich geschmückten Ständen an. Natürlich gibt es auch einen zünftigen Glühwein und viele kulinarische Köstlichkeiten.</p>",ready,Jutta Goedicke
130,Steglitz-Zehlendorf,Adventsbasar im Gemeindehaus St. Michael,Hohenzollernstr. 28,14109 Berlin,,,Sa 15:00-19:30<br>So 09:00-15:00,,,,,,15:00-19:30,09:00-15:00,,,,,,,,,,,,,,,,,,,,,,,,,,,,,,,,,,,,,,,,,,,,,Katholische Kirchengemeinde Zu den hl. Zwölf Aposteln Berlin,,,805 86 29 70,,,pfarrbuero@hl-12-apostel.de,www.hl-12-apostel.de,,gemeinnützig,<p>Der Adventsbasar im Gemeindehaus St. Michael wird von der Pfarrgemeinde zu den Hl. Zwölf Aposteln in Berlin-Zehlendorf organisiert.</p>,ready,PublicDomainPictures
134,Steglitz-Zehlendorf,Weihnachtsmarkt der Wilhelmplatz-Initiative und der Ev. Kirchengemeinde Wannsee,"Kirche am Stölpchensee, Auf dem Wilhelmplatz",14109 Berlin,,,13:00-18:00,,,,,,,,,,,,,,13:00-18:00,,,,,,,,,,,,,,,,,,,,,,,,,,,,,,,,,,,,,,Evangelische Kirchengemeinde Berlin-Wannsee,,,805 16 50,,,KGWannsee@freenet.de,www.wannseebote.ekbo.de,,gemeinnützig,"<p>Am 1. Advent treffen wir uns nun schon zum 10. Mal zum Weihnachtsmarkt auf dem Wilhelmplatz. Unsere Gäste erwartet in diesem Jahr wieder viele Freunde aus nah und fern und geschmackvoll eingerichtete Verkaufsstände mit einem interessanten Angebot vielfältiger Art, dazu deftige Bratwürste sowie Glühwein auf dem Platz sowie ein vorweihnachtliches Angebot in der Kirche und im Alten Schulhaus.</p><p>Die Blasmusik des Posaunenchors der Evangelischen Freikirche und das Leierkastenspiel bilden die musikalische Untermalung auf dem Weihnachtsmarkt. Im Alten Schulhaus sorgen fleißige Helferinnen für Kaffee, Kuchen und – der Jahreszeit gemäß – schmackhaften Glühwein. Das Team die Erzieherinnen unseres Evangelischen Kindergartens beschäftigt wieder die kleinen Besucher auf adventliche Weise.</p><p>In der Kirche werden wir uns auch diesmal mit vorweihnachtlichen Liedern auf das Fest einstimmen. Der Kantatenchor wird um 16 Uhr mit einem Offenen Singen dabei sein. Ab 17.45 Uhr führen wir das Glockenspiel im Turm vor.</p><p>Aber vielleicht am wichtigsten: Auch auf diesem Weihnachtsmarkt werden wir den Überschuss bei den Gemeindeständen einem guten Zweck zuführen. Wie in den vergangenen Jahren bildet der Weihnachtsmarkt den Abschluss der großen Spendenaktion unserer Gemeinde zum Erntedank. Dieses Mal geht es um die dringend benötigte Hilfe für das zerstörte uralte christliche Aramäerdorf Maaloula in Syrien.</p>",ready,PublicDomainPictures
132,Steglitz-Zehlendorf,Großer Adventsbasar im Gemeindehaus,Kirchweg 6,14129 Berlin,,,11:00-18:00,,,,,,,,,,,,,11:00-18:00,,,,,,,,,,,,,,,,,,,,,,,,,,,,,,,,,,,,,,,Evangelische Kirchengemeinde Nikolassee,,,80 19 76 30,,,webmaster@gemeinde-nikolassee.de,www.gemeinde-nikolassee.de,,gemeinnützig,<p>Kommen sie zum großen Adventsbasar im Gemeindehaus der Evangelischen Kirchengemeinde Nikolassee.</p>,mail,TaniaVdB
118,Steglitz-Zehlendorf,Adventsmarkt auf der Domäne Dahlem,Königin-Luise-Str. 49,14195 Berlin,,,11:00-19:00,,,,,,,,,,,,,11:00-19:00,11:00-19:00,,,,,,11:00-19:00,11:00-19:00,,,,,,11:00-19:00,11:00-19:00,,,,,,11:00-19:00,11:00-19:00,,,,,,,,,,,,,,,,,Domäne Dahlem Veranstaltungsgesellschaft mbH,,,66 63 00 10,,66 63 00 20,kontakt@domaene-dahlem.de,www.domaene-dahlem.de,"Eintritt 2 €, ermäßigt 1 € (Auszubildende, Studierende, Freiwilligendienst-Leistende, berlinpass-Inhaber, Schwerbehinderte ab 80 %), freier Eintritt für Kinder und Jugendliche bis 16 Jahre",gewerblich,"<p>Wer ausgewähltes Kunsthandwerk und wundervoll stimmungsvolle Atmosphäre sucht, ist auf den Domänen-Adventsmärkten richtig. Auf dem historischen Gutshof präsentiert sich eine Vielfalt schöner Stände, die an den einzelnen Wochenenden teilweise wechseln. Außerdem erwarten die Besucher handwerkliche Vorführungen, weihnachtliche Leckereien, ein erlebnisreiches Kinderprogramm, weihnachtliche Live-Musik (ab mittags), Rundfahrten mit Kuh- oder Pferdekutsche und Traktor (wetterabhängig) und ein Winterspaziergang über die Felder mit Blick auf die Domänen-Tiere.</p><p>Aufwärmen können Sie sich im Museum oder mit Bio-Glühwein, Bio-Kinderpunsch und ländlich-leckerem Essen – und ab nachmittags am prasselnden Feuer! Neben dem kunsthandwerklichen Angebot finden Sie bei uns natürlich auch weihnachtliche Spezereien wie handgefertigte Lebkuchen, edles Marzipan und Nougat, heiße Maronen und gebrannte Mandeln sowie verschiedene bäuerliche Spezialitäten – auch von der Domäne Dahlem!</p><p>Kinderprogramm: Weihnachtsbaumschmuck aus Bienenwachs gießen, Kerzen ziehen, Weihnachtsbaumkugeln bemalen, Ponyreiten und Pyrofessor Logo Lards kleine Feuershow für Kinder.</p><p>Kostenlose Führungen durch die Dauerausstellung im Herrenhaus finden jeweils stündlich ab 13 Uhr statt. „Lebendige Geschichte“ können Sie mit unseren ehrenamtlichen Mitarbeitern entdecken, z. B. „Einkaufen früher“ im Historischen Kaufmannsladen, die barocken Gutsleute „Cuno Hans von Willmerstorff und Elisabeth von Hake“ und Kinderspiele aus alter Zeit.</p>",ready,Foto: K. Wendland
128,Steglitz-Zehlendorf,Advent-Künstlerstation am Bahnhof Mexikoplatz,Platz vor dem Bahnhof Mexikoplatz,14163 Berlin,,,11:00-19:00,,,,,,,,,,,,,,11:00-19:00,,,,,,,11:00-19:00,,,,,,,11:00-19:00,,,,,,,11:00-19:00,,,,,,,,,,,,,,,,,"Martin, Ramona",,,802 87 79,,,,,,gewerblich,<p>Die traditionsreiche Advent-Künstlerstation gibt es auch dieses Jahr wieder am Platz vor dem Bahnhof Mexikoplatz.</p>,ready,AnnaER
136,Steglitz-Zehlendorf,Das Weihnachtshaus in der Villa Donnersmarck,Schädestr. 9-13,14165 Berlin,,,15:00-19:00,,,,,,,,,,,,,,,,,,,,,,,,,,,,15:00-19:00,,,,,,,,,,,,,,,,,,,,,,,,Villa Donnersmarck/Fürst-Donnersmarck-Stiftung,,,847 18 70,,84 71 87 23,villadonnersmarck@fdst.de,www.villadonnersmarck.de,,gemeinnützig,"<p>Am 3. Advent wird die Villa Donnersmarck alle Jahre wieder zum Weihnachtshaus. Besucher können sich auf ein besinnliches Kulturprogramm freuen. Dazu kann man ausgefallene Geschenke an kunterbunten Ständen shoppen oder gleich selbst kreativ werden: Persönlichen Weihnachtsschmuck basteln, Lebkuchenhäuser verzieren (nicht nur für Kinder) oder am Lagerfeuer Stockbrot grillen. Mit Feuerspektakel, Puppentheater, Gewinnspiel und Besuch vom Weihnachtsmann ein runder Adventssonntag für die ganze Familie, und das in barrierefreiem Ambiente.</p>",ready,Fürst Donnersmarck-Stiftung zu Berlin
110,Steglitz-Zehlendorf,Steglitzer Weihnachtsmarkt vor dem Forum Steglitz,Schloßstr. 1,12163 Berlin,,,10:30-21:00,,,,,,,,10:30-21:00,10:30-21:00,10:30-21:00,10:30-21:00,10:30-21:00,10:30-21:00,10:30-21:00,10:30-21:00,10:30-21:00,10:30-21:00,10:30-21:00,10:30-21:00,10:30-21:00,10:30-21:00,10:30-21:00,10:30-21:00,10:30-21:00,10:30-21:00,10:30-21:00,10:30-21:00,10:30-21:00,10:30-21:00,10:30-21:00,10:30-21:00,10:30-21:00,10:30-21:00,10:30-21:00,10:30-21:00,10:30-21:00,10:30-21:00,10:30-21:00,10:30-21:00,10:30-21:00,10:30-21:00,10:30-21:00,10:30-21:00,10:30-21:00,10:30-21:00,10:30-21:00,10:30-21:00,10:30-21:00,10:30-21:00,10:30-21:00,10:30-21:00,Schausteller- und Gastronomiebetriebe Laurence Blume,,,0151/24 11 78 50,,815 20 85,lb@blume-events.de,www.blume-events.de,,gewerblich,<p>Auch dieses Jahr findet der Weihnachtsmarkt vor dem Forum Steglitz in der Schloßstraße statt.</p>,mail,Blume Events
154,Tempelhof-Schöneberg,38. Lichtenrader Lichtermarkt,"Alt-Lichtenrade, rund um den Dorfteich (Giebel-Pfuhl)",12305 Berlin,,,13:00-19:00,,,,,,,,,,,,,,13:00-19:00,,,,,,,,,,,,,,,,,,,,,,,,,,,,,,,,,,,,,,BA Tempelhof-Schöneberg,,Frau Barnekow,902 77 23 01,,902 77 22 20,,,,gemeinnützig,"<p>Adventsmarkt für einen gemeinnützigen Zweck mit ca. 90 Ständen mit kunstgewerblichen Arbeiten, Keramik, Holzwaren, Imkererzeugnissen, Nostalgischem, Spielsachen, Bastel- und Handarbeiten, Selbstgebackenem, Glühwein, Kaffee und Kakao, Suppe, Wurst, Grillfleisch und vieles mehr.</p>",ready,geralt
152,Tempelhof-Schöneberg,20. Weihnachtsmarkt auf Lehmanns Bauernhof,Alt-Marienfelde 35-37,12277 Berlin,,,Fr 14:00-20:00<br>Sa-So 12:00-20:00,,,,,,,,,,,,,,,,,,,14:00-20:00,12:00-20:00,12:00-20:00,,,,,14:00-20:00,12:00-20:00,12:00-20:00,,,,,,,,,,,,,,,,,,,,,,,,Lehmanns Bauernmarkt,,,72 01 41 50,0179/958 05 15,72 01 41 49,Lehmanns-Bauernmarkt@gmx.de,www.lehmanns-bauernmarkt.de,,gewerblich,"<p>Ein weihnachtliches Jubiläum der besonderen Art findet in diesem Jahr in Marienfelde statt: Am zweiten und auch am dritten Advent öffnet zum zwanzigsten Mal der beliebte Weihnachtsmarkt auf Lehmanns Bauernhof in Marienfelde seine Pforten. Wegen des großen Besucherzuspruchs hat sich die Familie Lehmann entschlossen auch in diesem Jahr den Weihnachtsmarkt an zwei Adventswochenenden zu veranstalten. „Viele Gäste waren begeistert, dass es jetzt zwei Wochenenden in Marienfelde weihnachtet. Auch für Abwechslung ist gesorgt, so dass sich auf jeden Fall ein Besuch an beiden Wochenenden lohnt.“ erklärte Bauer Klaus Lehmann.</p><p>Wieder dabei ist beispielsweise eine Schauschmiede, wo es individuelle Geschenke aus Schmiedeeisen gibt und wo für Kinder kleine Andenken direkt geschmiedet werden. Bei einer Weberin und einem Schmuckworkshop für Kinder kann man seine Geschenkideen verwirklichen lassen. Anspruchsvolles Kunsthandwerk wie Lesemagnete von Marion Bartz, handgemachte Schreibgeräte und handgearbeitete Körbe finden ebenso Platz wie französische Salami, Obstbrände und Milchcreme. Neu dabei ist ein Bergbauer aus Österreich, der seine eigenen Produkte wie Bergkräuterextrakte und Kräuterkissen vorstellt.</p><p>Das traditionelle Speiseangebot konzentriert sich auf wenige Stände, hier findet man beispielsweise hausgemachte Erbsensuppe, Raclette, Marienfelder Bratwurst und natürlich Glühwein. Weitere Höhepunkte des Weihnachtsmarktes sind die zahlreichen und sympathischen Tiere des Bauernhofes. Alle Besucher können sich an beiden Adventswochenenden von Chören und Orchestern in Weihnachtsstimmung bringen lassen. Zum Jubiläum treten 12 verschiedene Chöre und Orchester auf der kleinen Bühne aus. Auf die Kinder warten eine Märchenerzählerin auf dem Kornboden und am Samstag und Sonntag Ponys und eine Kutsche.</p>",ready,Lehmanns Bauernhof
156,Tempelhof-Schöneberg,30. Marienfelder Weihnachtsmarkt des TSV Marienfelde 1890 e. V.,"Alte Feuerwache, Alt-Marienfelde 36",12277 Berlin,,,12:00-19:00,,,,,,,,,,,,,,,,,,,,,12:00-19:00,,,,,,,,,,,,,,,,,,,,,,,,,,,,,,,TSV Marienfelde 1890 e. V.,,,722 45 46,,74 30 59 65,sport@tsv-marienfelde.de,www.tsv-marienfelde.de,,gemeinnützig,"<p>Am 7. Dezember ist es wieder so weit: Der 30. Weihnachtsmarkt des TSV Marienfeld mit Beteiligung der Marienfelder Kyffhäuser Kamaradschaft in Alt-Marienfelde</p><p>Es gibt Vorführungen, Tombola für die Kinder, Malen und Basteln, eine Spielstraße, Bastelarbeiten, Essen und Trinken.</p>",mail,TSV Marienfelde
158,Tempelhof-Schöneberg,8. Friedenauer Engelmarkt,Breslauer Platz am Rathaus Friedenau,12159 Berlin,,,13:00-18:00,,,,,,,,,,,,,,,,,,,,,13:00-18:00,,,,,,,,,,,,,,,,,,,,,,,,,,,,,,,"Friedenau-Netzwerk, Magrit Knapp",,,852 33 56,,,Magrit.knapp@friedenau-netzwerk.de,www.friedenau-netzwerk.de,,gemeinnützig,"<p>Wir möchten Sie herzlich zum Friedenauer Engelmarkt am 07.12.2014 (2. Advent) in der Zeit von 13 – 18 Uhr auf dem Breslauer Platz einladen. Es erwarten Sie Kunsthandwerk, selbstgemachte Kleinigkeiten und Leckereien, Infos aus dem Bezirk u.v.m. Eröffnet wird der Engelmarkt mit unserem Schirmherrn, Bezirksstadtrat Oliver Schworck, und den Friedenauer Engeln (es sind wieder drei!).</p>",mail,Silke Klimesch
140,Tempelhof-Schöneberg,Adventsmarkt in der Lokhalle,"Lokhalle im Natur-Park Schöneberger Südgelände, S-Bahnhof Priesterweg",12157 Berlin,,,12:00-18:00,,,,,,,,,,,,,,12:00-18:00,,,,,,,12:00-18:00,,,,,,,,,,,,,,,,,,,,,,,,,,,,,,,Grün Berlin GmbH,,,70 09 06 24,,70 09 06 70,info@suedgelaende.de,www.gruen-berlin.de,,gewerblich,"<p>Unter dem schützenden Dach der Lokhalle haben über 40 Händler ihre Stände stimmungsvoll dekoriert und bieten ausgefallene und vor allem selbst gefertigte Artikel. Neben Schmuck und Selbstgestricktem können sich die Besucher auf mutige Schokoladenvariationen, originelle Porzellanartikel, handgenähte Patchworkdecken, Naturseifen und viele kreative Geschenkideen freuen.</p><p>Auf der Bühne unter einer geschmückten Tanne präsentiert am ersten Advent das Ensemble „Cappella Vocale“ ein stilistisch außergewöhnliches Programm. Die Musiker von „Baila Berlin“ zeigen zum Finale, dass der Advent eine lebensfrohe Zeit voller Melodien und übermäßiger Lebensfreude ist. Zu den Klängen der zehnköpfigen Salsaband darf kräftig mitgetanzt werden.</p><p>Zum zweiten Advent stehen viele Nachwuchsmusiker der Leo Kestenberg Musikschule auf der Bühne. Den Anfang machen die Gesangssolisten mit einem abwechslungsreichen „Swinging Christmas“-Programm, gefolgt vom Streicherensemble „Die Saitenakrobaten“ und dem Lichtenrader Ensemble mit einem irisch und spanisch inspirierten Weihnachtskonzert. Die „Berlin Pipe Company“, ein Dudelsackensemble, bildet den fulminanten Abschluss. Für Spannung und beste Unterhaltung der ganz jungen Gäste sorgt um 14:30 Uhr die Weihnachtshexe Molly mit einer weihnachtlichen Reise um die Welt.</p><p>Eintrittspreise: Der Parkeintritt kostet € 1,00 pro Person (ab 14 Jahren). Jahreskartenbesitzer 2014 oder 2015 haben freien Eintritt.</p>",ready,grün Berlin GmbH
148,Tempelhof-Schöneberg,25. Weihnachtsmarkt auf dem Winterfeldtplatz,Winterfeldtplatz ,10785 Berlin,,,11:00-19:00,,,,,,,,,,,,,,11:00-19:00,,,,,,,11:00-19:00,,,,,,,11:00-19:00,,,,,,,11:00-19:00,,,,,,,,,,,,,,,,,Trostdorff,,,215 65 39,0172/301 51 81,215 65 39,trostdorff@web.de,www.weihnachtsmarkt-winterfeldtplatz.de,,gewerblich,"<p>Wir laden Sie herzlich zu unserem 25. traditionellen Weihnachtsmarkt ein. An jedem Adventssonntag in diesem Jahr hat der Weihnachtsmarkt auf dem Winterfeldtplatz in Berlin für Sie geöffnet. Für Jung und Alt gibt es viel zu sehen und zu erleben.</p><p>Ein attraktives und abwechslungsreiches Bühnenprogramm begleitet Sie während des Adventsspazierganges über den Weihnachtsmarkt, bei dem Sie entdecken können, dass ein besonderer Schwerpunkt unseres Weihnachtsmarktes das Kunsthandwerk ist. Sie finden neben handgearbeitetem Spielzeug und Tongeschirr auch kunstvoll gestalteten Schmuck und wohlriechende Seifen. Die individuellen Artikel sind vielleicht genau das passende Geschenk, um es unter den Weihnachtsbaum zu legen oder die eigenen vier Wände zu verschönern.</p><p>Auch für das leibliche Wohl ist gesorgt und es gibt vielfältige Möglichkeiten den Gaumen zu verwöhnen. Neben Waffeln, gebrannten Mandeln und Zuckerwatte finden Sie natürlich auch den beliebten Glühwein und viele weitere Getränke. Das ist nur ein kleiner Einblick über das Angebot auf dem Weihnachtsmarkt auf dem Winterfeldtplatz.</p><p>Besuchen Sie uns auf dem Winterfeldtplatz in Berlin und genießen Sie die Atmosphäre.</p>",ready,M. Trostdorff
170,Treptow-Köpenick,Weihnachtsmarkt von der Bühne Grünau e.V.,"An der Grünauer Friedenskirche, Don-Ugoletti-Platz",12527 Berlin,,,14:00-19:00,,,,,,,,,,,,,,,,,,,,,14:00-19:00,,,,,,,,,,,,,,,,,,,,,,,,,,,,,,,Bühne Grünau e. V.,,Dr. Kurt Kann,67 82 14 40,0151/70 18 01 68,,,,,gemeinnützig,<p>Der Weihnachtsmarkt an der Grünauer Friedenskirche am Don-Ugoletti-Platz wird von der Bühne Grünau e.V. veranstaltet.</p>,ready,Gellinger
166,Treptow-Köpenick,Müggelheimer Weihnachtsmarkt,Dorfanger Müggelheim (westl. Teil),12559 Berlin,,,10:00-20:00,,,,,,,,,,,,,10:00-20:00,,,,,,,,,,,,,,,,,,,,,,,,,,,,,,,,,,,,,,,Müggelheimer Heimatverein e. V.,,,659 86 13,,,Mueggelheimer-heimatverein@gmx.de,www.mueggelheimer-heimatverein.de,,gemeinnützig,"<p>Auf dem Anger vor dem Dorfklub findet jedes Jahr der kleine Adventsmarkt statt. Zum Adventsmarkt, am 29. November, können Sie wieder eine traditionelle Ausstellung der AG - Heimatmuseum besichtigen.</p><p>Diesmal stellen wir Ihre alten und neuen Puppenstuben und Puppenhäuser, Pferdeställe und Bauernhöfe aus. Wir nehmen sie auch gemalt oder aus Papier im Schuhkarton. Auch einzelne Möbelteile sind eine schöne Dekoration. Sollten Sie noch besonders schöne Engel oder Sterne haben, sind sie für den Himmel willkommen.</p>",mail,Müggelheimer Heimatverein e. V.
164,Treptow-Köpenick,Lichtermarkt an der Christuskirche,Firlstr. 16,12459 Berlin,,,14:00-18:00,,,,,,,,,,,,,14:00-18:00,,,,,,,,,,,,,,,,,,,,,,,,,,,,,,,,,,,,,,,Evangelische Kirchengemeinde Berlin-Oberschöneweide,,Herr Noak,97 60 14 17,535 31 55,,gemeinde@ev-kirche-oberschoeneweide.de,www.ev-kirche-oberschoeneweide.de,,gemeinnützig,"<p>Zum Lichtermarkt und Adventskonzert gibt es ein buntes Markttreiben vor der Kirche, Märchenstunde und Programm der Grundschule.</p><p>Um 14:00 Uhr ist die Eröffnung mit dem Bläserensemble Köpenick, um 15:00 Uhr basteln im Musikzimmer der Kirche, um 15:30 Uhr Märchenstunde in der Taufkapelle, um 18:00 Uhr das Adventskonzert mit dem Köpenicker Chor ""Sing! Sing!"" unter Leitung von Lutz Haubold. Chorische und solistische Musik zu Advent und Weihnacht, u.a. von Johann Eccard, Samuel Scheidt, Caesar Franck, John Rutter sowie deutsche und internationale Weihnachtslieder.</p>",mail,Gellinger
162,Treptow-Köpenick,Weihnachtsmarkt Friedrichshagen Bölschestraße,Marktplatz Bölschestraße,12587 Berlin,,,Sa 09:00-22:00<br>So 11:00-20:00,,,,,,,,,,,,,,,,,,,,,,,,,,,,,,,,,,09:00-22:00,11:00-20:00,,,,,,,,,,,,,,,,,"Hirche, Wolfgang",15370 Vogelsdorf,,033439/779 79,0172/309 49 77,033439/779 80,Markt-Hirche@web.de,,,gewerblich,"<p>1000 Weihnachtsmänner werden auf dem Friedrichshagener Weihnachtsmarkt VERSCHENKT</p><p>Der Weihnachtsmarkt Bölschestraße bietet allen Gästen noch einmal kurz vor dem Fest die Möglichkeit, für ihre Lieben ein schönes Geschenk zu beschaffen. Da bieten sich zum Beispiel der Kunsthandwerker mit seiner original Erzgebirgischen Holzkunst oder das reichhaltig vorhandene Schmuck- angebot und weitere Accessuire an. Darf es etwas künstlerischer sein, dann hin zu den Künstlern und Handwerkern mit ihren Bildern, Karten, Töpferwaren, Keramiken, Korbflechtarbeiten, Drechslerwaren und sonstigen Dingen die uns unser Leben verschönern. Für gute Laune sorgen die Schausteller mit Riesenrad, Kinderkarussell, Weihnachtsverlosung, oder Pfeilwerfen. Nicht zu vergessen sind die Zuständigkeiten für das leibliche Wohl. Süßwaren von Zuckerwatte, Poppkorn, Crepes, Schokofrüchte und das Pfefferkuchenherz sind die Leckereien, das Deftige kommt vom Grillstand, Grünkohl mit Stinte, Kettwurst aus DDR Zeit, Ungarischer Langos, Mexikopfanne, Knofribrot, Fischbrötchen u.v.m. gehören zum Angebot.</p><p>Wieder dabei ist unser Winzer aus Rheinland Pfalz, der seinen selbstproduzierten Glühwein und andere Produkte anbietet. Für ein durchgehendes Bühnenprogramm sorgt unser singender Weihnachtsmann Ron Beiz aus Friedrichshagen.</p><p>1000 Schokoladenweihnachtsmänner zum vernaschen, werden die Kleinen entzücken.</p><p>Wir wünschen allen Gästen ein frohes und gesundes Weihnachten. Lassen auch Sie sich einen Weihnachtsmann schenken.</p>",ready,Hans
168,Treptow-Köpenick,5. Altglienicker Advents-Markt,"Rund um die Pfarrkirche, Semmelweisstr. 2",12524 Berlin,,,14:00-19:00,,,,,,,,,,,,,,14:00-19:00,,,,,,,,,,,,,,,,,,,,,,,,,,,,,,,,,,,,,,Evangelische Kirchengemeinde Altglienicke und Bürgerverein Altglienicke e. V.,,,672 83 81,,,buergerverein@altglienicke.de,www.altglienicke.de,,gemeinnützig,"<p>Am Sonntag, den 30. November 2012 (1. Advent) laden von 14 bis 19 Uhr wieder rund um die Pfarrkirche (Semmelweisstr. 2, 12524 Berlin) über 30 Stände mit Kleinkunst und Handarbeiten sowie kulinarische Angebote an weihnachtlich geschmückten Ständen zum Besuch des zum fünften Male stattfindenden Adventsmarktes ein. Kleine Lagerfeuer bieten einen Raum um sich Aufzuwärmen.</p><p>In der Kirche findet um 14 Uhr findet eine Adventsandacht mit dem neuen Pfarrer Wolfram Geiger statt. Danach folgt dort ein Musikprogramm.</p>",ready,Joachim Schmidt
160,Treptow-Köpenick,"Weihnachtsmarkt in den Späth'schen Baumschulen, Lichterglanz im Tannenwald - präsentiert von radioBERLIN 88,8",Späthstr. 80/81,12437 Berlin,,,Fr 15:00-20:00<br>Sa-So 11:00-20:00,,,,,,,,,,,,,,,,,,,15:00-20:00,11:00-20:00,11:00-20:00,,,,,,,,,,,,,,,,,,,,,,,,,,,,,,,Späth'sche Baumschulen Handel GmbH,,,63  90 03 32,,,info@spaethsche-baumschulen.de,www.spaethsche-baumschulen.de,"Eintritt 3 €, Kinder bis 16 Jahre frei",gewerblich,"<p>Lichterglanz erfüllt das historische Gelände: Beim Weihnachtsmarkt in den Späth’schen Baumschulen lässt es sich der Weihnachtsmann nicht nehmen, mit seinem Lieblingsrentier anzureisen. Von der großen Bühne im Hof klingt besinnliche Musik. radioBERLIN 88,8 Moderator Ingo Hoppe führt durch ein Programm voller Überraschungen und Weihnachtszauber.</p><p>Monbijou-Theater und Märchenerzählerin Ellen Luckas begeistern Kinder und ihre Eltern in der Märchenhütte. Die kleinen Gäste können auch Geschenke basteln, Kerzen ziehen und auf Eseln reiten. Ein historisches Kinderkarussell bittet zur Fahrt. Die Weihnachtskrippe aus Südtirol zeigt Szenen voller Nostalgie. Naturwarenwerkstätten, Schmuckdesigner und Kunsthandwerker bieten an mehr als 100 liebevoll dekorierten Ständen einfallsreiche Geschenkideen an.</p><p>In der ältesten Baumschule Deutschlands erwartet die Gäste ein Weihnachtsmarkt wie aus dem Bilderbuch. Mittendrin: der Späth’sche Tannenwald mit den besten Weihnachtsbäumen von Berlin. Wunderbare Düfte und Leckereien, Pulsnitzer Lebkuchen, echter Obstglühwein in acht Sorten aus Thüringen, ein Lagerfeuer für Groß und Klein, köstliche Kekse aus der Weihnachtsbäckerei und Bratäpfel frisch aus dem Hofcafé – Genießen Sie mit Freunden, Familie, Kindern, Kolleginnen und Kollegen genießen in den Späth’schen Baumschulen einen der schönsten Weihnachtsmärkte der Stadt.</p>",mail,Späth’schen Baumschulen
1000,Pankow,Lucia Weihnachtsmarkt in der Kulturbrauerei,Knaackstraße 97,10435 Berlin,,,Mo-Fr 15:00-22:00<br>Sa-So 13:00-22:00,,,,,,,,15:00-22:00,15:00-22:00,15:00-22:00,15:00-22:00,15:00-22:00,13:00-22:00,13:00-22:00,15:00-22:00,15:00-22:00,15:00-22:00,15:00-22:00,15:00-22:00,13:00-22:00,13:00-22:00,15:00-22:00,15:00-22:00,15:00-22:00,15:00-22:00,15:00-22:00,13:00-22:00,13:00-22:00,15:00-22:00,15:00-22:00,15:00-22:00,15:00-22:00,15:00-22:00,13:00-22:00,13:00-22:00,15:00-22:00,,,,,,,,,,,,,,,,"Fête Company, Simone Hofmann","Wallstr. 15a, 10179 Berlin",,0177-3014657,,,jul@lucia-weihnachtsmarkt.de,http://lucia-weihnachtsmarkt.de,,,"<p>Gewidmet ist der Lucia Weihnachtsmarkt in der Kulturbrauerei den nordischen Ländern. Lucia, die Lichtbringerin, wird in Schweden jährlich am 13. Dezember gefeiert.</p><p>Die historische Gebäudekomposition der alten Brauerei aus verziertem und ornamentiertem Backsteinklinker des 19. Jahrhunderts bildet eine romantische Kulisse, in der die sechzig im rotweißen skandinavischen Stil gehaltenen Marktstände besonders stimmungsvoll wirken. Auch akustisch fühlt sich der Besucher dem hohen Norden nah – Musik der nordisch-skandinavischen Länder rieselt leise herab. Wärme spenden flackernde Schwedenfeuer und das beliebte Kunstobjekt „Open-Air-Mantel-Heizung“. An dieser skurrilen Installation können sich frierende Besucher angewärmte Pelzmäntel überziehen, für deren Wärmezufuhr ein Holzofen sorgt.</p><p>An den Nachmittagen verweilen viele Familien mit Kindern, die Bungee-Trampolin springen, an der kleinen Ritterburg in lang vergangene Zeiten eintauchen oder auf einem nostalgischen Kettenkarussell ihre Runden drehen. Hauptattraktion für die Kleinen ist der Weihnachtsmann, der täglich von 17 bis 18 Uhr über die Höfe schlendert, Wünsche entgegennimmt, zuhört und gratis Naschereien verteilt. Abends wird der Markt zum Treffpunkt der Erwachsenen. Auf diesem gemütlich-behaglichen Weihnachtsmarkt kann man in Ruhe flanieren, nach Kunsthandwerk stöbern und deutsche sowie nordisch-skandinavische Köstlichkeiten probieren. Übrigens, viele Besucher schwören, auf dem Lucia Weihnachtsmarkt in der Kulturbrauerei gebe es den besten Glögg Berlins.</p>",ready,"Lucia Weihnachtsmarkt in der Kulturbrauerei, Berlin-Prenzlauer Berg (Fotograf: Kai Bienert)"
1002,Pankow,Emils Weihnachtsgarten,"Im Industriedenkmal der Willner-Brauerei-Berlin, Berliner Straße 80-8",13189 Berlin,,,Sa 12:00–21:00<br>So 11:00–20:00,,,,,,,,,,,,,12:00-21:00,11:00-20:00,,,,,,12:00-21:00,11:00-20:00,,,,,,12:00-21:00,11:00-20:00,,,,,,12:00-21:00,11:00-20:00,,,,,,,,,,,,,,,,,EVENTS - Ralf Bielefeldt,"Zehdenicker Str. 14, 10119 Berlin",,0177 - 688 22 45,030 - 48 49 62 27,,post@emils-weihnachtsgarten.de,http://www.emils-weihnachtsgarten.de/,,,"<p>Auf dem Gelände der früheren Brauerei Willner in Pankow, direkt an der Grenze zu Prenzlauer Berg, findet erstmals an allen Adventswochenenden „Emils Weihnachtsgarten“ statt. Gemeinsam mit den Organisatoren des Umwelt- und Weihnachtsmarkts in der Sophienstraße wird an den Adventswochenenden ein ganz besonderer Weihnachtsmarkt veranstaltet, der eine sinnvolle Alternative für den Kiez und seine Umgebung sein soll. Die Willner-Brauerei-Berlin (WBB) ist bekannt als Kreativzentrum für kulturelle Veranstaltungen. Auf dem 4.000 qm großen Areal des Industriedenkmals befinden sich Künstler-Ateliers, Ausstellungsräume, eine Pizzeria und nicht zuletzt „Emils Biergarten“, auf dem der diesjährige Weihnachtsmarkt stattfindet.</p><p>Gäste erwartet hier der typische Berliner Charme eines Industriedenkmals und Kreativzentrums. Mit einer Auswahl besonderer Anbieter und Manufakturen, einem bunten Rahmenprogramm für Kinder und Erwachsene, dazu eindrucksvollen Lichtinstallationen sowie weihnachtlichen Getränken und Leckereien punktet „Emils Weihnachtsmarkt“ bei den Berlinern. „Auch in diesem Jahr freuen wir uns, dass wir „Emils Weihnachtsgarten“ zum Leuchten bringen können. Die Lichtinstallation wird jeden in weihnachtliche Stimmung versetzen, auch Weihnachtsmuffel, denn der Weihnachtsgarten ist anders. Er ist ein familiärer Markt von Berlinern für Berliner“, schwärmt Ralf Bielefeldt, Mit-Veranstalter von „Emils Weihnachtsgarten“.</p><p>Ein Weihnachtsmann ist täglich auf dem Areal unterwegs und verteilt gute Gaben an seine kleinen und großen Fans.</p>",ready,EVENTS-R. Bielefeldt
1004,Mitte,Winterwelt am Potsdamer Platz,Potsdamer Platz,10117 Berlin,,,10:00-22:00<br>24.12.2014 bis 14:00,,,,,,,,10:00-22:00,10:00-22:00,10:00-22:00,10:00-22:00,10:00-22:00,10:00-22:00,10:00-22:00,10:00-22:00,10:00-22:00,10:00-22:00,10:00-22:00,10:00-22:00,10:00-22:00,10:00-22:00,10:00-22:00,10:00-22:00,10:00-22:00,10:00-22:00,10:00-22:00,10:00-22:00,10:00-22:00,10:00-22:00,10:00-22:00,10:00-22:00,10:00-22:00,10:00-22:00,10:00-22:00,10:00-22:00,10:00-22:00,10:00-22:00,10:00-14:00,10:00-22:00,10:00-22:00,,,,,,,,,,,,"Arnold Bergmann, Bergmann Eventgastronomie","Am Gewerbepark 13, 15345 Altlandsberg OT Bruchmühle",,033439-65643,0177-80 82 369,033439-65644,info@bergmannevent.de,www.bergmannevent.de ,,gewerblich,"<p>Vom 24. November bis zum 26. Dezember 2014 rundet der traditionelle Weihnachtsmarkt mit aufwendigen Dekorationen und festlich glitzernden Linden in der Alten Potsdamer Straße die Winterwelt ab. Dort gibt es alles, was das Herz begehrt: vom leckeren Apfel mit Schokoglasur über Baumschmuck aus dem Erzgebirge bis hin zum Zimtstern. Auf dem Handwerkermarkt kann jeder Töpfern, Holzschnitzern, Bäckern, Filzern, Korbmachern und Co. zuschauen, wie die schönen Weihnachtsgeschenke, die an den Ständen verkauft werden, entstehen.</p><p>Die 11. Winterwelt am Potsdamer Platz bietet einen abwechslungsreichen Mix aus Erlebnisangeboten wie Rodeln, Schlittschuhlaufen oder Eisstockschießen und kulinarischen Genüssen - am geschichtsträchtigen Platz im Herzen Berlins.</p><p>Am Potsdamer Platz steht die frisch eingeschneite, größte mobile Rodelbahn Europas im Mittelpunkt des Geschehens. Die Eisbahn am Marlene-Dietrich-Platz lädt wieder alle ein, sich aufs glatte Eis zu wagen. Die fünf Meter breite und 30 Meter lange Eisstockbahn ist einer der Publikumsmagnete des Winterspektakels (eine Reservierung ist erforderlich).</p><p>Original österreichische Leckerbissen in alpenländischer Atmosphäre und Platz für rund 230 Gäste bietet die täglich von 10 bis 24 Uhr geöffnete Schmankerl-Hüttn, die aus 180 Jahre altem österreichischem Hüttenholz extra für die Winterwelt gebaut wurde. Bei Brettljause, Obazda, Saftgulasch, Kasnocken, Geselchtes, Frittatensuppe, Kaiserschmarrn, Germknödel, Sachertorte und Apfelstrudel lässt es sich feiern wie im Skiurlaub. Täglich ab 19 Uhr beginnt in der Schmankerl-Hüttn die Après-Ski-Party mit DJ - es darf getanzt und gesungen werden. Wer urige alpenländische Gemütlichkeit auf kleinem Raum (maximal 60 Personen) sucht, findet sie am Potsdamer Platz in der Salzburger Stiegl Alm.</p>",ready,Harald Paulenz
1006,Mitte,Weihnachtsmarkt auf dem Alex,Alexanderplatz,10178 Berlin,,,10:00–22:00<br>24.12. Bis 16:00,,,,,,,,10:00-22:00,10:00-22:00,10:00-22:00,10:00-22:00,10:00-22:00,10:00-22:00,10:00-22:00,10:00-22:00,10:00-22:00,10:00-22:00,10:00-22:00,10:00-22:00,10:00-22:00,10:00-22:00,10:00-22:00,10:00-22:00,10:00-22:00,10:00-22:00,10:00-22:00,10:00-22:00,10:00-22:00,10:00-22:00,10:00-22:00,10:00-22:00,10:00-22:00,10:00-22:00,10:00-22:00,10:00-22:00,10:00-22:00,10:00-22:00,10:00-16:00,10:00-22:00,10:00-22:00,10:00-22:00,10:00-22:00,,,,,,,,,,"Arnold Bergmann, Bergmann Eventgastronomie","Am Gewerbepark 13, 15345 Altlandsberg OT Bruchmühle",,033439-65643,0177-80 82 369,033439-65644,info@bergmannevent.de,www.bergmannevent.de ,,gewerblich,"<p>Seit 23 Jahren laden Galeria Kaufhof und die Firma Bergmann Eventgastronomie zur Advents‐ und Weihnachtszeit auf den Berliner Alexanderplatz ein. Unter dem Motto „Shoppen am ALEX – Feiern am Alex“ haben sich wieder ALEXA und MediaMarkt, SATURN und C&A dem gemeinsamen Weihnachtsmarkttreiben angeschlossen.</p><p>Auch in diesem Jahr erwartet ab dem 24. November die Berlinerinnen und Berlin und die Gäste der Hauptstadt nicht „nur“ ein Weihnachtsmarkt, sondern der gesamte Alexanderplatz als „der“ Weihnachtsplatz Berlins und lockt zum Bummel und Staunen, zum Schnuppern und Genießen zum Kosten und Kaufen.</p><p>Der Weihnachtsmarkt ist bis zum 28. Dezember 2014 täglich von 10 – 22.00 Uhr (24.12. bis 16.00 Uhr) geöffnet, Eisbahn und Partyhaus bis zum 4. Januar 2015.</p>",mail,Bergmann Eventgastronomie
